title,Sector,Industry,City,State,Latitude,Longitude
Walmart,Retailing,General Merchandisers,Bentonville,AR,36.3728538,-94.2088172
Exxon Mobil,Energy,Petroleum Refining,Irving,TX,32.8140177,-96.9488945
Berkshire Hathaway,Financials,Insurance: Property and Casualty (Stock),Omaha,NE,41.2565369,-95.9345034
Apple,Technology,"Computers, Office Equipment",Cupertino,CA,37.3229978,-122.0321823
UnitedHealth Group,Health Care,Health Care: Insurance and Managed Care,Minnetonka,MN,44.9211836,-93.4687489
McKesson,Wholesalers,Wholesalers: Health Care,SF,CA,37.7749295,-122.4194155
CVS Health,Health Care,Health Care: Pharmacy and Other Services,Woonsocket,RI,42.0028761,-71.5147839
Amazon.com,Retailing,Internet Services and Retailing,Seattle,WA,47.6062095,-122.3320708
AT&T,Telecommunications,Telecommunications,Dallas,TX,32.7766642,-96.7969879
General Motors,Motor Vehicles &  Parts,Motor Vehicles and Parts,Detroit,MI,42.331427,-83.0457538
Ford Motor,Motor Vehicles &  Parts,Motor Vehicles and Parts,Dearborn,MI,42.3222599,-83.1763145
AmerisourceBergen,Wholesalers,Wholesalers: Health Care,Chesterbrook,PA,40.0756627,-75.4590816
Chevron,Energy,Petroleum Refining,San Ramon,CA,37.7799273,-121.9780153
Cardinal Health,Wholesalers,Wholesalers: Health Care,Dublin,OH,40.0992294,-83.1140771
Costco,Retailing,General Merchandisers,Issaquah,WA,47.5301011,-122.0326191
Verizon,Telecommunications,Telecommunications,New York,NY,40.7127753,-74.0059728
Kroger,Food &  Drug Stores,Food and Drug Stores,Cincinnati,OH,39.1031182,-84.5120196
General Electric,Industrials,Industrial Machinery,Boston,MA,42.3600825,-71.0588801
Walgreens Boots Alliance,Food &  Drug Stores,Food and Drug Stores,Deerfield,IL,42.1711365,-87.8445119
JPMorgan Chase,Financials,Commercial Banks,New York,NY,40.7127753,-74.0059728
Fannie Mae,Financials,Diversified Financials,Leavenworth,WA,47.7510741,-120.7401385
Alphabet,Technology,Internet Services and Retailing,Mountain View,CA,37.3860517,-122.0838511
Home Depot,Retailing,Specialty Retailers: Other,Atlanta,GA,33.7489954,-84.3879824
Bank of America Corp.,Financials,Commercial Banks,Charlotte,NC,35.2270869,-80.8431267
Express Scripts Holding,Health Care,Health Care: Pharmacy and Other Services,St. Louis,MO,38.6270025,-90.1994042
Wells Fargo,Financials,Commercial Banks,SF,CA,37.7749295,-122.4194155
Boeing,Aerospace &  Defense,Aerospace and Defense,Chicago,IL,41.8781136,-87.6297982
Phillips 66,Energy,Petroleum Refining,Houston,TX,29.7604267,-95.3698028
Anthem,Health Care,Health Care: Insurance and Managed Care,Indianapolis,IN,39.768403,-86.158068
Microsoft,Technology,Computer Software,Redmond,WA,47.6739881,-122.121512
Valero Energy,Energy,Petroleum Refining,San Antonio,TX,29.4241219,-98.4936282
Citigroup,Financials,Commercial Banks,New York,NY,40.7127753,-74.0059728
Comcast,Telecommunications,Telecommunications,Philadelphia,PA,39.9525839,-75.1652215
IBM,Technology,Information Technology Services,Armonk,NY,41.1264849,-73.7140195
Dell Technologies,Technology,"Computers, Office Equipment",Round Rock,TX,30.5082551,-97.678896
State Farm Insurance Cos.,Financials,Insurance: Property and Casualty (Mutual),Bloomington,IL,40.4842027,-88.9936873
Johnson & Johnson,Health Care,Pharmaceuticals,New Brunswick,NJ,40.4862157,-74.4518188
Freddie Mac,Financials,Diversified Financials,McLean,VA,38.9338676,-77.1772604
Target,Retailing,General Merchandisers,Minneapolis,MN,44.977753,-93.2650108
Lowes,Retailing,Specialty Retailers: Other,Mooresville,NC,35.5848596,-80.8100724
Marathon Petroleum,Energy,Petroleum Refining,Findlay,OH,41.04422,-83.6499321
Procter & Gamble,Household Products,Household and Personal Products,Cincinnati,OH,39.1031182,-84.5120196
MetLife,Financials,"Insurance: Life, Health (stock)",New York,NY,40.7127753,-74.0059728
UPS,Transportation,"Mail, Package, and Freight Delivery",Atlanta,GA,33.7489954,-84.3879824
PepsiCo,"Food, Beverages &  Tobacco",Food Consumer Products,Harrison,NY,41.0400135,-73.7144477
Intel,Technology,Semiconductors and Other Electronic Components,Santa Clara,CA,37.3541079,-121.9552356
DowDuPont,Chemicals,Chemicals,Midland,Michigan,43.623574,-84.232105
Archer Daniels Midland,"Food, Beverages &  Tobacco",Food Production,Chicago,IL,41.8781136,-87.6297982
Aetna,Health Care,Health Care: Insurance and Managed Care,Hartford,CT,41.7658043,-72.6733723
FedEx,Transportation,"Mail, Package, and Freight Delivery",Memphis,TN,35.1495343,-90.0489801
United Technologies,Aerospace &  Defense,Aerospace and Defense,Farmington,CT,41.7360305,-72.795027
Prudential Financial,Financials,"Insurance: Life, Health (stock)",Newark,NJ,40.735657,-74.1723667
Albertsons Cos.,Food &  Drug Stores,Food and Drug Stores,Boise,ID,43.6150186,-116.2023137
Sysco,Wholesalers,Wholesalers: Food and Grocery,Houston,TX,29.7604267,-95.3698028
Disney,Media,Entertainment,Burbank,CA,34.1808392,-118.3089661
Humana,Health Care,Health Care: Insurance and Managed Care,Louisville,KY,38.2526647,-85.7584557
Pfizer,Health Care,Pharmaceuticals,New York,NY,40.7127753,-74.0059728
HP,Technology,"Computers, Office Equipment",Palo Alto,CA,37.4418834,-122.1430195
Lockheed Martin,Aerospace &  Defense,Aerospace and Defense,Bethesda,MD,38.984652,-77.0947092
AIG,Financials,Insurance: Property and Casualty (Stock),New York,NY,40.7127753,-74.0059728
Centene,Health Care,Health Care: Insurance and Managed Care,St. Louis,MO,38.6270025,-90.1994042
Cisco Systems,Technology,Network and Other Communications Equipment,San Jose,CA,37.3382082,-121.8863286
HCA Healthcare,Health Care,Health Care: Medical Facilities,Nashville,TN,36.1626638,-86.7816016
Energy Transfer Equity,Energy,Pipelines,Dallas,TX,32.7766642,-96.7969879
Caterpillar,Industrials,Construction and Farm Machinery,Deerfield,IL,42.1711365,-87.8445119
Nationwide,Financials,Insurance: Property and Casualty (Mutual),Columbus,OH,39.9611755,-82.9987942
Morgan Stanley,Financials,Commercial Banks,New York,NY,40.7127753,-74.0059728
Liberty Mutual Insurance Group,Financials,Insurance: Property and Casualty (Stock),Boston,MA,42.3600825,-71.0588801
New York Life Insurance,Financials,"Insurance: Life, Health (Mutual)",New York,NY,40.7127753,-74.0059728
Goldman Sachs Group,Financials,Commercial Banks,New York,NY,40.7127753,-74.0059728
American Airlines Group,Transportation,Airlines,Fort Worth,TX,32.7554883,-97.3307658
Best Buy,Retailing,Specialty Retailers: Other,Richfield,MN,44.8832982,-93.2830021
Cigna,Health Care,Health Care: Insurance and Managed Care,Bloomfield,CT,41.826488,-72.7300945
Charter Communications,Telecommunications,Telecommunications,Stamford,CT,41.0534302,-73.5387341
Delta Air Lines,Transportation,Airlines,Atlanta,GA,33.7489954,-84.3879824
Facebook,Technology,Internet Services and Retailing,Menlo Park,CA,37.4529598,-122.1817252
Honeywell International,Industrials,"Electronics, Electrical Equip.",Morris Plains,NJ,40.8395922,-74.4818698
Merck,Health Care,Pharmaceuticals,Kenilworth,NJ,40.6764911,-74.2907032
Allstate,Financials,Insurance: Property and Casualty (Stock),Northbrook,IL,42.1275267,-87.8289548
Tyson Foods,"Food, Beverages &  Tobacco",Food Production,Springdale,AR,36.1867442,-94.1288141
United Continental Holdings,Transportation,Airlines,Chicago,IL,41.8781136,-87.6297982
Oracle,Technology,Computer Software,Redwood City,CA,37.4852152,-122.2363548
Tech Data,Wholesalers,Wholesalers: Electronics and Office Equipment,Clearwater,FL,27.9658533,-82.8001026
TIAA,Financials,"Insurance: Life, Health (Mutual)",New York,NY,40.7127753,-74.0059728
TJX,Retailing,Specialty Retailers: Apparel,Framingham,MA,42.279286,-71.4161565
American Express,Financials,Diversified Financials,New York,NY,40.7127753,-74.0059728
Coca-Cola,"Food, Beverages &  Tobacco",Beverages,Atlanta,GA,33.7489954,-84.3879824
Publix Super Markets,Food &  Drug Stores,Food and Drug Stores,Lakeland,FL,28.0394654,-81.9498042
Nike,Apparel,Apparel,Beaverton,OR,45.4887993,-122.8013332
Andeavor,Energy,Petroleum Refining,San Antonio,TX,29.4241219,-98.4936282
World Fuel Services,Energy,Energy,Miami,FL,25.7616798,-80.1917902
Exelon,Energy,Utilities: Gas and Electric,Chicago,IL,41.8781136,-87.6297982
Massachusetts Mutual Life Insurance,Financials,"Insurance: Life, Health (Mutual)",Springfield,MA,42.1014831,-72.589811
Rite Aid,Food &  Drug Stores,Food and Drug Stores,Camp Hill,PA,40.2398118,-76.9199742
ConocoPhillips,Energy,"Mining, Crude-Oil Production",Houston,TX,29.7604267,-95.3698028
CHS,"Food, Beverages &  Tobacco",Food Production,Inver Grove Heights,MN,44.8480218,-93.0427153
3M,Industrials,Miscellaneous,St Paul,MN,44.9537029,-93.0899578
Time Warner,Media,Entertainment,New York,NY,40.7127753,-74.0059728
General Dynamics,Aerospace &  Defense,Aerospace and Defense,Falls Church,VA,38.882334,-77.1710914
USAA,Financials,Insurance: Property and Casualty (Stock),San Antonio,TX,29.4241219,-98.4936282
Capital One Financial,Financials,Commercial Banks,McLean,VA,38.9338676,-77.1772604
Deere,Industrials,Construction and Farm Machinery,Moline,IL,41.5067003,-90.5151342
INTL FCStone,Financials,Diversified Financials,New York,NY,40.7127753,-74.0059728
Northwestern Mutual,Financials,"Insurance: Life, Health (Mutual)",Milwaukee,WI,43.0389025,-87.9064736
Enterprise Products Partners,Energy,Pipelines,Houston,TX,29.7604267,-95.3698028
Travelers Cos.,Financials,Insurance: Property and Casualty (Stock),New York,NY,40.7127753,-74.0059728
Hewlett Packard Enterprise,Technology,"Computers, Office Equipment",Palo Alto,CA,37.4418834,-122.1430195
Philip Morris International,"Food, Beverages &  Tobacco",Tobacco,New York,NY,40.7127753,-74.0059728
Twenty-First Century Fox,Media,Entertainment,New York,NY,40.7127753,-74.0059728
AbbVie,Health Care,Pharmaceuticals,North Chicago,IL,42.325578,-87.8411818
Abbott Laboratories,Health Care,Medical Products and Equipment,Lake Bluff,IL,42.304505,-87.8960712
Progressive,Financials,Insurance: Property and Casualty (Stock),Mayfield,OH,41.5519952,-81.4392828
Arrow Electronics,Wholesalers,Wholesalers: Electronics and Office Equipment,Centennial,CO,39.5807452,-104.8771726
Kraft Heinz,"Food, Beverages &  Tobacco",Food Consumer Products,Pittsburgh,PA,40.4406248,-79.9958864
Plains GP Holdings,Energy,Pipelines,Houston,TX,29.7604267,-95.3698028
Gilead Sciences,Health Care,Pharmaceuticals,San Mateo,CA,37.5585465,-122.2710788
Mondelez International,"Food, Beverages &  Tobacco",Food Consumer Products,Deerfield,IL,42.1711365,-87.8445119
Northrop Grumman,Aerospace &  Defense,Aerospace and Defense,Falls Church,VA,38.882334,-77.1710914
Raytheon,Aerospace &  Defense,Aerospace and Defense,Waltham,MA,42.3764852,-71.2356113
Macys,Retailing,General Merchandisers,Cincinnati,OH,39.1031182,-84.5120196
US Foods Holding,Wholesalers,Wholesalers: Food and Grocery,Rosemont,IL,41.9867507,-87.8721602
U.S. Bancorp,Financials,Commercial Banks,Minneapolis,MN,44.977753,-93.2650108
Dollar General,Retailing,Specialty Retailers: Other,Goodlettsville,TN,36.3231066,-86.7133302
International Paper,Materials,"Packaging, Containers",Memphis,TN,35.1495343,-90.0489801
Duke Energy,Energy,Utilities: Gas and Electric,Charlotte,NC,35.2270869,-80.8431267
Southern,Energy,Utilities: Gas and Electric,Atlanta,GA,33.7489954,-84.3879824
Marriott International,"Hotels, Restaurants &  Leisure","Hotels, Casinos, Resorts",Bethesda,MD,38.984652,-77.0947092
Avnet,Wholesalers,Wholesalers: Electronics and Office Equipment,Phoenix,AZ,33.4483771,-112.0740373
Eli Lilly,Health Care,Pharmaceuticals,Indianapolis,IN,39.768403,-86.158068
Amgen,Health Care,Pharmaceuticals,Thousand Oaks,CA,34.1705609,-118.8375937
McDonalds,"Hotels, Restaurants &  Leisure",Food Services,Oak Brook,IL,41.8397865,-87.9535534
Starbucks,"Hotels, Restaurants &  Leisure",Food Services,Seattle,WA,47.6062095,-122.3320708
Qualcomm,Technology,Semiconductors and Other Electronic Components,San Diego,CA,32.715738,-117.1610838
Dollar Tree,Retailing,Specialty Retailers: Other,Chesapeake,VA,36.7682088,-76.2874927
PBF Energy,Energy,Petroleum Refining,Parsippany-Troy Hills,NJ,40.8652865,-74.4173877
Icahn Enterprises,Financials,Diversified Financials,New York,NY,40.7127753,-74.0059728
Aflac,Financials,"Insurance: Life, Health (stock)",Columbus,GA,32.4609764,-84.9877094
AutoNation,Retailing,"Automotive Retailing, Services",Fort Lauderdale,FL,26.1224386,-80.1373174
Penske Automotive Group,Retailing,"Automotive Retailing, Services",Bloomfield Hills,MI,42.583645,-83.2454883
Whirlpool,Industrials,"Electronics, Electrical Equip.",Benton Harbor,MI,42.1167065,-86.4541894
Union Pacific,Transportation,Railroads,Omaha,NE,41.2565369,-95.9345034
Southwest Airlines,Transportation,Airlines,Dallas,TX,32.7766642,-96.7969879
ManpowerGroup,Business Services,Temporary Help,Milwaukee,WI,43.0389025,-87.9064736
Thermo Fisher Scientific,Technology,"Scientific,Photographic and  Control Equipment",Waltham,MA,42.3764852,-71.2356113
Bristol-Myers Squibb,Health Care,Pharmaceuticals,New York,NY,40.7127753,-74.0059728
Halliburton,Energy,"Oil and Gas Equipment, Services",Houston,TX,29.7604267,-95.3698028
Tenet Healthcare,Health Care,Health Care: Medical Facilities,Dallas,TX,32.7766642,-96.7969879
Lear,Motor Vehicles &  Parts,Motor Vehicles and Parts,Southfield,MI,42.4733688,-83.2218731
Cummins,Industrials,Industrial Machinery,Columbus,IN,39.2014404,-85.9213796
Micron Technology,Technology,Semiconductors and Other Electronic Components,Boise,ID,43.6150186,-116.2023137
Nucor,Materials,Metals,Charlotte,NC,35.2270869,-80.8431267
Molina Healthcare,Health Care,Health Care: Insurance and Managed Care,Long Beach,CA,33.7700504,-118.1937395
Fluor,Engineering &  Construction,"Engineering, Construction",Irving,TX,32.8140177,-96.9488945
Altria Group,"Food, Beverages &  Tobacco",Tobacco,Richmond,VA,37.5407246,-77.4360481
Paccar,Industrials,Construction and Farm Machinery,Bellevue,WA,47.6101497,-122.2015159
Hartford Financial Services,Financials,Insurance: Property and Casualty (Stock),Hartford,CT,41.7658043,-72.6733723
Kohls,Retailing,General Merchandisers,Menomonee Falls,WI,43.1788967,-88.1173132
Western Digital,Technology,"Computers, Office Equipment",San Jose,CA,37.3382082,-121.8863286
Jabil,Technology,Semiconductors and Other Electronic Components,St. Petersburg,FL,27.7676008,-82.6402915
Community Health Systems,Health Care,Health Care: Medical Facilities,Franklin,TN,35.9250637,-86.8688899
Visa,Business Services,Financial Data Services,SF,CA,37.7749295,-122.4194155
Danaher,Health Care,Medical Products and Equipment,Leavenworth,WA,47.7510741,-120.7401385
Kimberly-Clark,Household Products,Household and Personal Products,Irving,TX,32.8140177,-96.9488945
AECOM,Engineering &  Construction,"Engineering, Construction",Los Angeles,CA,34.0522342,-118.2436849
PNC Financial Services,Financials,Commercial Banks,Pittsburgh,PA,40.4406248,-79.9958864
CenturyLink,Telecommunications,Telecommunications,Monroe,LA,32.5093109,-92.1193012
NextEra Energy,Energy,Utilities: Gas and Electric,North Palm Beach,FL,26.8797819,-80.0533743
PG& E Corp.,Energy,Utilities: Gas and Electric,SF,CA,37.7749295,-122.4194155
Synnex,Wholesalers,Wholesalers: Electronics and Office Equipment,Fremont,CA,37.5482697,-121.9885719
WellCare Health Plans,Health Care,Health Care: Insurance and Managed Care,Tampa,FL,27.950575,-82.4571776
Performance Food Group,Wholesalers,Wholesalers: Food and Grocery,Richmond,VA,37.5407246,-77.4360481
Sears Holdings,Retailing,General Merchandisers,Hoffman Estates,IL,42.0629915,-88.1227199
Synchrony Financial,Financials,Diversified Financials,Stamford,CT,41.0534302,-73.5387341
CarMax,Retailing,"Automotive Retailing, Services",Richmond,VA,37.5407246,-77.4360481
Bank of New York Mellon,Financials,Commercial Banks,New York City,NY,40.7127753,-74.0059728
Freeport-McMoRan,Energy,"Mining, Crude-Oil Production",Phoenix,AZ,33.4483771,-112.0740373
Genuine Parts,Wholesalers,Wholesalers: Diversified,Atlanta,GA,33.7489954,-84.3879824
Emerson Electric,Industrials,Industrial Machinery,St. Louis,MO,38.6270025,-90.1994042
DaVita,Health Care,Health Care: Medical Facilities,Denver,CO,39.7392358,-104.990251
Supervalu,Food &  Drug Stores,Food and Drug Stores,Eden Prairie,MN,44.8546856,-93.470786
Gap,Retailing,Specialty Retailers: Apparel,SF,CA,37.7749295,-122.4194155
General Mills,"Food, Beverages &  Tobacco",Food Consumer Products,Minneapolis,MN,44.977753,-93.2650108
Nordstrom,Retailing,General Merchandisers,Seattle,WA,47.6062095,-122.3320708
Colgate-Palmolive,Household Products,Household and Personal Products,New York,NY,40.7127753,-74.0059728
American Electric Power,Energy,Utilities: Gas and Electric,Columbus,OH,39.9611755,-82.9987942
XPO Logistics,Transportation,Transportation and Logistics,Greenwich,CT,41.0262417,-73.6281964
Goodyear Tire & Rubber,Motor Vehicles &  Parts,Motor Vehicles and Parts,Akron,OH,41.0814447,-81.5190053
Omnicom Group,Business Services,"Advertising, marketing",New York,NY,40.7127753,-74.0059728
CDW,Technology,Information Technology Services,Lincolnshire,IL,42.1900249,-87.9084039
Sherwin-Williams,Chemicals,Chemicals,Cleveland,OH,41.49932,-81.6943605
PPG Industries,Chemicals,Chemicals,Pittsburgh,PA,40.4406248,-79.9958864
Texas Instruments,Technology,Semiconductors and Other Electronic Components,Dallas,TX,32.7766642,-96.7969879
C.H. Robinson Worldwide,Transportation,Transportation and Logistics,Eden Prairie,MN,44.8546856,-93.470786
WestRock,Materials,"Packaging, Containers",Atlanta,GA,33.7489954,-84.3879824
Cognizant Technology Solutions,Technology,Information Technology Services,Teaneck,NJ,40.8932469,-74.0116536
Newell Brands,Household Products,"Home Equipment, Furnishings",Hoboken,NJ,40.7439905,-74.0323626
CBS,Media,Entertainment,New York,NY,40.7127753,-74.0059728
Envision Healthcare,Health Care,Health Care: Pharmacy and Other Services,Nashville,TN,36.1626638,-86.7816016
Monsanto,Chemicals,Chemicals,St. Louis,MO,38.6270025,-90.1994042
Aramark,Business Services,Diversified Outsourcing Services,Philadelphia,PA,39.9525839,-75.1652215
Applied Materials,Technology,Semiconductors and Other Electronic Components,Santa Clara,CA,37.3541079,-121.9552356
Waste Management,Business Services,Waste Management,Houston,TX,29.7604267,-95.3698028
DISH Network,Telecommunications,Telecommunications,Englewood,CO,39.6477653,-104.9877597
Illinois Tool Works,Industrials,Industrial Machinery,Glenview,IL,42.0697509,-87.7878408
Lincoln National,Financials,"Insurance: Life, Health (stock)",Wayne,PA,40.0462208,-75.3599105
HollyFrontier,Energy,Petroleum Refining,Dallas,TX,32.7766642,-96.7969879
CBRE Group,Financials,Real estate,Los Angeles,CA,34.0522342,-118.2436849
Textron,Aerospace &  Defense,Aerospace and Defense,Providence,RI,41.8239891,-71.4128343
Ross Stores,Retailing,Specialty Retailers: Apparel,Dublin,CA,37.7021521,-121.9357918
Principal Financial,Financials,"Insurance: Life, Health (stock)",Des Moines,IA,41.6005448,-93.6091064
D.R. Horton,Engineering &  Construction,Homebuilders,Arlington,TX,32.735687,-97.1080656
Marsh & McLennan,Financials,Diversified Financials,New York,NY,40.7127753,-74.0059728
Devon Energy,Energy,"Mining, Crude-Oil Production",Oklahoma City,OK,35.4675602,-97.5164276
AES,Energy,Utilities: Gas and Electric,Arlington,VA,38.8816208,-77.0909809
Ecolab,Chemicals,Chemicals,St Paul,MN,44.9537029,-93.0899578
Land O'Lakes,"Food, Beverages &  Tobacco",Food Consumer Products,Arden Hills,MN,45.0502435,-93.1566112
Loews,Financials,Insurance: Property and Casualty (Stock),New York,NY,40.7127753,-74.0059728
Kinder Morgan,Energy,Pipelines,Houston,TX,29.7604267,-95.3698028
FirstEnergy,Energy,Utilities: Gas and Electric,Akron,OH,41.0814447,-81.5190053
Occidental Petroleum,Energy,"Mining, Crude-Oil Production",Houston,TX,29.7604267,-95.3698028
Viacom,Media,Entertainment,New York,NY,40.7127753,-74.0059728
PayPal Holdings,Business Services,Financial Data Services,San Jose,CA,37.3382082,-121.8863286
NGL Energy Partners,Energy,Energy,Tulsa,OK,36.1539816,-95.992775
Celgene,Health Care,Pharmaceuticals,Summit,NJ,40.7146376,-74.3646122
Arconic,Aerospace &  Defense,Aerospace and Defense,New York,NY,40.7127753,-74.0059728
Kellogg,"Food, Beverages &  Tobacco",Food Consumer Products,Battle Creek,MI,42.3211522,-85.1797142
Las Vegas Sands,"Hotels, Restaurants &  Leisure","Hotels, Casinos, Resorts",Las Vegas,NV,36.1699412,-115.1398296
Stanley Black & Decker,Household Products,"Home Equipment, Furnishings",New Britain,CT,41.6612104,-72.7795419
Booking Holdings,Technology,Internet Services and Retailing,Norwalk,CT,41.117744,-73.4081575
Lennar,Engineering &  Construction,Homebuilders,Miami,FL,25.7616798,-80.1917902
L Brands,Retailing,Specialty Retailers: Apparel,Columbus,OH,39.9611755,-82.9987942
DTE Energy,Energy,Utilities: Gas and Electric,Detroit,MI,42.331427,-83.0457538
Dominion Energy,Energy,Utilities: Gas and Electric,Richmond,VA,37.5407246,-77.4360481
Reinsurance Group of America,Financials,"Insurance: Life, Health (stock)",Chesterfield,MO,38.6631083,-90.5770675
J.C. Penney,Retailing,General Merchandisers,Plano,TX,33.0198431,-96.6988856
Mastercard,Business Services,Financial Data Services,Harrison,NY,41.0400135,-73.7144477
BlackRock,Financials,Securities,New York,NY,40.7127753,-74.0059728
Henry Schein,Wholesalers,Wholesalers: Health Care,Melville,NY,40.7934322,-73.4151214
Guardian Life Ins. Co. of America,Financials,"Insurance: Life, Health (Mutual)",New York,NY,40.7127753,-74.0059728
Stryker,Health Care,Medical Products and Equipment,Kalamazoo,MI,42.2917069,-85.5872286
Jefferies Financial Group,Financials,Diversified Financials,New York,NY,40.7127753,-74.0059728
VF,Apparel,Apparel,Greensboro,NC,36.0726354,-79.7919754
ADP,Business Services,Diversified Outsourcing Services,Roseland,NJ,40.8206555,-74.2937594
Edison International,Energy,Utilities: Gas and Electric,Rosemead,CA,34.0805651,-118.072846
Biogen,Health Care,Pharmaceuticals,Cambridge,MA,42.3736158,-71.1097335
United States Steel,Materials,Metals,Pittsburgh,PA,40.4406248,-79.9958864
Core-Mark Holding,Wholesalers,Wholesalers: Food and Grocery,South San Francisco,CA,37.654656,-122.4077498
Bed Bath & Beyond,Retailing,Specialty Retailers: Other,Union,NJ,40.6975898,-74.2631635
Oneok,Energy,Pipelines,Tulsa,OK,36.1539816,-95.992775
BB& T Corp.,Financials,Commercial Banks,Winston-Salem,NC,36.0998596,-80.244216
Becton Dickinson,Health Care,Medical Products and Equipment,Franklin Lakes,NJ,41.0167639,-74.2057011
Ameriprise Financial,Financials,Diversified Financials,Minneapolis,MN,44.977753,-93.2650108
Farmers Insurance Exchange,Financials,Insurance: Property and Casualty (Mutual),Los Angeles,CA,34.165357,-118.6089752
First Data,Business Services,Financial Data Services,New York,NY,40.7127753,-74.0059728
Consolidated Edison,Energy,Utilities: Gas and Electric,New York,NY,40.7127753,-74.0059728
Parker-Hannifin,Industrials,Industrial Machinery,Cleveland,OH,41.49932,-81.6943605
Anadarko Petroleum,Energy,"Mining, Crude-Oil Production",The Woodlands,TX,30.1658207,-95.4612625
Estee Lauder,Household Products,Household and Personal Products,New York,NY,40.7127753,-74.0059728
State Street Corp.,Financials,Commercial Banks,Boston,MA,42.3600825,-71.0588801
Tesla,Motor Vehicles &  Parts,Motor Vehicles and Parts,Palo Alto,CA,37.4418834,-122.1430195
Netflix,Technology,Internet Services and Retailing,Los Gatos,CA,37.2358078,-121.9623751
Alcoa,Materials,Metals,Pittsburgh,PA,40.4406248,-79.9958864
Discover Financial Services,Financials,Commercial Banks,Riverwoods,IL,42.1675254,-87.897014
Praxair,Chemicals,Chemicals,Danbury,CT,41.394817,-73.4540111
CSX,Transportation,Railroads,Jacksonville,FL,30.3321838,-81.655651
Xcel Energy,Energy,Utilities: Gas and Electric,Minneapolis,MN,44.977753,-93.2650108
Unum Group,Financials,"Insurance: Life, Health (stock)",Chattanooga,TN,35.0456297,-85.3096801
Universal Health Services,Health Care,Health Care: Medical Facilities,King of Prussia,PA,40.1012856,-75.3835525
NRG Energy,Energy,Energy,Princeton,NJ,40.3572976,-74.6672226
EOG Resources,Energy,"Mining, Crude-Oil Production",Houston,TX,29.7604267,-95.3698028
Sempra Energy,Energy,Utilities: Gas and Electric,San Diego,CA,32.715738,-117.1610838
Toys 'R'ù Us,Retailing,Specialty Retailers: Other,Wayne,NJ,40.9253725,-74.2765441
Group 1 Automotive,Retailing,"Automotive Retailing, Services",Houston,TX,29.7604267,-95.3698028
Entergy,Energy,Utilities: Gas and Electric,New Orleans,LA,29.9510658,-90.0715323
Molson Coors Brewing,"Food, Beverages &  Tobacco",Beverages,Denver,CO,39.7392358,-104.990251
L3 Technologies,Aerospace &  Defense,Aerospace and Defense,New York,NY,40.7127753,-74.0059728
Ball,Materials,"Packaging, Containers",Broomfield,CO,39.9205411,-105.0866504
AutoZone,Retailing,Specialty Retailers: Other,Memphis,TN,35.1495343,-90.0489801
Murphy USA,Retailing,Specialty Retailers: Other,El Dorado,AR,33.20763,-92.6662674
MGM Resorts International,"Hotels, Restaurants &  Leisure","Hotels, Casinos, Resorts",Las Vegas,NV,36.1699412,-115.1398296
Office Depot,Retailing,Specialty Retailers: Other,Boca Raton,FL,26.3683064,-80.1289321
Huntsman,Chemicals,Chemicals,The Woodlands,TX,30.1658207,-95.4612625
Baxter International,Health Care,Medical Products and Equipment,Deerfield,IL,42.1711365,-87.8445119
Norfolk Southern,Transportation,Railroads,Norfolk,VA,36.8507689,-76.2858726
salesforce.com,Technology,Computer Software,SF,CA,37.7749295,-122.4194155
Laboratory Corp. of America,Health Care,Health Care: Pharmacy and Other Services,Burlington,NC,36.0956918,-79.4377991
W.W. Grainger,Wholesalers,Wholesalers: Diversified,Lake Forest,IL,42.2586342,-87.840625
Qurate Retail,Retailing,Internet Services and Retailing,Englewood,CO,39.6477653,-104.9877597
Autoliv,Motor Vehicles &  Parts,Motor Vehicles and Parts,Auburn Hills,MI,42.6875323,-83.2341028
Live Nation Entertainment,Media,Entertainment,Beverly Hills,CA,34.0736204,-118.4003563
Xerox,Technology,"Computers, Office Equipment",Norwalk,CT,41.117744,-73.4081575
Leidos Holdings,Technology,Information Technology Services,Reston,VA,38.9586307,-77.3570028
Corning,Industrials,"Electronics, Electrical Equip.",Corning,NY,42.1428521,-77.0546903
Lithia Motors,Retailing,"Automotive Retailing, Services",Medford,OR,42.3265152,-122.8755949
Expedia Group,Retailing,Internet Services and Retailing,Bellevue,WA,47.6101497,-122.2015159
Republic Services,Business Services,Waste Management,Phoenix,AZ,33.4483771,-112.0740373
Jacobs Engineering Group,Engineering &  Construction,"Engineering, Construction",Dallas,TX,32.7766642,-96.7969879
Sonic Automotive,Retailing,"Automotive Retailing, Services",Charlotte,NC,35.2270869,-80.8431267
Ally Financial,Financials,Diversified Financials,Detroit,MI,42.331427,-83.0457538
LKQ,Wholesalers,Wholesalers: Diversified,Chicago,IL,41.8781136,-87.6297982
BorgWarner,Motor Vehicles &  Parts,Motor Vehicles and Parts,Auburn Hills,MI,42.6875323,-83.2341028
Fidelity National Financial,Financials,Insurance: Property and Casualty (Stock),Jacksonville,FL,30.3321838,-81.655651
SunTrust Banks,Financials,Commercial Banks,Atlanta,GA,33.7489954,-84.3879824
IQVIA Holdings,Health Care,Health Care: Pharmacy and Other Services,Durham,NC,35.980513,-78.90511
Reliance Steel & Aluminum,Materials,Metals,Los Angeles,CA,34.0522342,-118.2436849
Nvidia,Technology,Semiconductors and Other Electronic Components,Santa Clara,CA,37.3541079,-121.9552356
Voya Financial,Financials,Diversified Financials,New York,NY,40.7127753,-74.0059728
CenterPoint Energy,Energy,Utilities: Gas and Electric,Houston,TX,29.7604267,-95.3698028
eBay,Technology,Internet Services and Retailing,San Jose,CA,37.3382082,-121.8863286
Eastman Chemical,Chemicals,Chemicals,Kingsport,TN,36.548434,-82.5618186
American Family Insurance Group,Financials,Insurance: Property and Casualty (Stock),Madison,WI,43.0730517,-89.4012302
Steel Dynamics,Materials,Metals,Fort Wayne,IN,41.079273,-85.1393513
Pacific Life,Financials,"Insurance: Life, Health (stock)",Newport Beach,CA,33.6188829,-117.9298493
Chesapeake Energy,Energy,"Mining, Crude-Oil Production",Oklahoma City,OK,35.4675602,-97.5164276
Mohawk Industries,Household Products,"Home Equipment, Furnishings",Calhoun,GA,34.502587,-84.9510542
Quanta Services,Engineering &  Construction,"Engineering, Construction",Houston,TX,29.7604267,-95.3698028
Advance Auto Parts,Retailing,Specialty Retailers: Other,Roanoke,VA,37.2709704,-79.9414266
Owens & Minor,Wholesalers,Wholesalers: Health Care,Mechanicsville,VA,37.6087561,-77.3733139
United Natural Foods,Wholesalers,Wholesalers: Food and Grocery,Providence,RI,41.8239891,-71.4128343
Tenneco,Motor Vehicles &  Parts,Motor Vehicles and Parts,Lake Forest,IL,42.2586342,-87.840625
Conagra Brands,"Food, Beverages &  Tobacco",Food Consumer Products,Chicago,IL,41.8781136,-87.6297982
GameStop,Retailing,Specialty Retailers: Other,Grapevine,TX,32.9342919,-97.0780654
Hormel Foods,"Food, Beverages &  Tobacco",Food Consumer Products,Austin,MN,43.6666296,-92.9746367
Hilton Worldwide Holdings,"Hotels, Restaurants &  Leisure","Hotels, Casinos, Resorts",McLean,VA,38.9338676,-77.1772604
Frontier Communications,Telecommunications,Telecommunications,Norwalk,CT,41.117744,-73.4081575
Fidelity National Information Services,Business Services,Financial Data Services,Jacksonville,FL,30.3321838,-81.655651
Public Service Enterprise Group,Energy,Utilities: Gas and Electric,Newark,NJ,40.735657,-74.1723667
Boston Scientific,Health Care,Medical Products and Equipment,Marlboro,MA,42.3459271,-71.5522874
OReilly Automotive,Retailing,Specialty Retailers: Other,Springfield,MO,37.2089572,-93.2922989
Charles Schwab,Financials,Securities,SF,CA,37.7749295,-122.4194155
Global Partners,Wholesalers,Wholesalers: Diversified,Waltham,MA,42.3764852,-71.2356113
PVH,Apparel,Apparel,New York,NY,40.7127753,-74.0059728
Avis Budget Group,Retailing,"Automotive Retailing, Services",Parsippany-Troy Hills,NJ,40.8652865,-74.4173877
Targa Resources,Energy,Pipelines,Houston,TX,29.7604267,-95.3698028
Hertz Global Holdings,Retailing,"Automotive Retailing, Services",Estero,FL,26.438136,-81.8067523
Calpine,Energy,Energy,Houston,TX,29.7604267,-95.3698028
Mutual of Omaha Insurance,Financials,"Insurance: Life, Health (stock)",Omaha,NE,41.2565369,-95.9345034
Crown Holdings,Materials,"Packaging, Containers",Philadelphia,PA,39.9525839,-75.1652215
Peter Kiewit Sons,Engineering &  Construction,"Engineering, Construction",Omaha,NE,41.2565369,-95.9345034
Dicks Sporting Goods,Retailing,Specialty Retailers: Other,Coraopolis,PA,40.5184013,-80.1667247
PulteGroup,Engineering &  Construction,Homebuilders,Atlanta,GA,33.7489954,-84.3879824
Navistar International,Industrials,Construction and Farm Machinery,Lisle,IL,41.801141,-88.0747875
Thrivent Financial for Lutherans,Financials,"Insurance: Life, Health (Mutual)",Minneapolis,MN,44.977753,-93.2650108
DCP Midstream,Energy,Pipelines,Denver,CO,39.7392358,-104.990251
Air Products & Chemicals,Chemicals,Chemicals,Allentown,PA,40.6022939,-75.4714098
Veritiv,Wholesalers,Wholesalers: Diversified,Atlanta,GA,33.7489954,-84.3879824
AGCO,Industrials,Construction and Farm Machinery,Duluth,GA,34.0028786,-84.1446376
Genworth Financial,Financials,"Insurance: Life, Health (stock)",Richmond,VA,37.5407246,-77.4360481
Univar,Wholesalers,Wholesalers: Diversified,Downers Grove,IL,41.8089191,-88.0111746
News Corp.,Media,"Publishing, Printing",New York,NY,40.7127753,-74.0059728
SpartanNash,Wholesalers,Wholesalers: Food and Grocery,Byron Center,MI,42.8122508,-85.7228061
Westlake Chemical,Chemicals,Chemicals,Houston,TX,29.7604267,-95.3698028
Williams,Energy,Energy,Tulsa,OK,36.1539816,-95.992775
Lam Research,Technology,Semiconductors and Other Electronic Components,Fremont,CA,37.5482697,-121.9885719
Alaska Air Group,Transportation,Airlines,Seattle,WA,47.6062095,-122.3320708
Jones Lang LaSalle,Financials,Real estate,Chicago,IL,41.8781136,-87.6297982
Anixter International,Wholesalers,Wholesalers: Electronics and Office Equipment,Glenview,IL,42.0697509,-87.7878408
Campbell Soup,"Food, Beverages &  Tobacco",Food Consumer Products,Camden,NJ,39.9259463,-75.1196199
Interpublic Group,Business Services,"Advertising, marketing",New York,NY,40.7127753,-74.0059728
Dover,Industrials,Industrial Machinery,Downers Grove,IL,41.8089191,-88.0111746
Zimmer Biomet Holdings,Health Care,Medical Products and Equipment,Warsaw,IN,41.2381,-85.8530469
Dean Foods,"Food, Beverages &  Tobacco",Food Consumer Products,Dallas,TX,32.7766642,-96.7969879
Foot Locker,Retailing,Specialty Retailers: Apparel,New York,NY,40.7127753,-74.0059728
Eversource Energy,Energy,Utilities: Gas and Electric,Springfield,MA,42.1014831,-72.589811
Alliance Data Systems,Business Services,Financial Data Services,Plano,TX,33.0198431,-96.6988856
Fifth Third Bancorp,Financials,Commercial Banks,Cincinnati,OH,39.1031182,-84.5120196
Quest Diagnostics,Health Care,Health Care: Pharmacy and Other Services,Secaucus,NJ,40.7895453,-74.0565298
EMCOR Group,Engineering &  Construction,"Engineering, Construction",Norwalk,CT,41.117744,-73.4081575
W.R. Berkley,Financials,Insurance: Property and Casualty (Stock),Greenwich,CT,41.0262417,-73.6281964
WESCO International,Wholesalers,Wholesalers: Diversified,Pittsburgh,PA,40.4406248,-79.9958864
Coty,Household Products,Household and Personal Products,New York,NY,40.7127753,-74.0059728
WEC Energy Group,Energy,Utilities: Gas and Electric,Milwaukee,WI,43.0389025,-87.9064736
Masco,Household Products,"Home Equipment, Furnishings",Livonia,MI,42.36837,-83.3527097
DXC Technology,Technology,Information Technology Services,Tysons,VA,38.9187222,-77.2310925
Auto-Owners Insurance,Financials,Insurance: Property and Casualty (Mutual),Lansing,MI,42.732535,-84.5555347
Jones Financial (Edward Jones),Financials,Securities,Des Peres,MO,38.59722,-90.448126
Liberty Media,Media,Entertainment,Englewood,CO,39.6477653,-104.9877597
Erie Insurance Group,Financials,Insurance: Property and Casualty (Mutual),Erie,PA,42.1292241,-80.085059
Hershey,"Food, Beverages &  Tobacco",Food Consumer Products,Hershey,PA,40.2859239,-76.6502468
PPL,Energy,Utilities: Gas and Electric,Allentown,PA,40.6022939,-75.4714098
Huntington Ingalls Industries,Aerospace &  Defense,Aerospace and Defense,Newport News,VA,37.0870821,-76.4730122
Mosaic,Chemicals,Chemicals,Plymouth,MN,45.0105194,-93.4555093
J.M. Smucker,"Food, Beverages &  Tobacco",Food Consumer Products,Orrville,OH,40.8436663,-81.7640212
Delek US Holdings,Energy,Petroleum Refining,Brentwood,TN,36.0331164,-86.7827772
Newmont Mining,Energy,"Mining, Crude-Oil Production",Greenwood Village,CO,39.6172101,-104.9508141
Constellation Brands,"Food, Beverages &  Tobacco",Beverages,Victor,NY,42.9825633,-77.4088794
Ryder System,Transportation,"Trucking, Truck Leasing",Miami,FL,25.7616798,-80.1917902
National Oilwell Varco,Energy,"Oil and Gas Equipment, Services",Houston,TX,29.7604267,-95.3698028
Adobe Systems,Technology,Computer Software,San Jose,CA,37.3382082,-121.8863286
LifePoint Health,Health Care,Health Care: Medical Facilities,Brentwood,TN,36.0331164,-86.7827772
Tractor Supply,Retailing,Specialty Retailers: Other,Brentwood,TN,36.0331164,-86.7827772
Thor Industries,Motor Vehicles &  Parts,Motor Vehicles and Parts,Elkhart,IN,41.6819935,-85.9766671
Dana,Motor Vehicles &  Parts,Motor Vehicles and Parts,Maumee,OH,41.5628294,-83.6538244
Weyerhaeuser,Materials,Forest and Paper Products,Seattle,WA,47.6062095,-122.3320708
J.B. Hunt Transport Services,Transportation,"Trucking, Truck Leasing",Lowell,AR,36.2553543,-94.1307587
Darden Restaurants,"Hotels, Restaurants &  Leisure",Food Services,Orlando,FL,28.5383355,-81.3792365
Yum China Holdings,"Hotels, Restaurants &  Leisure",Food Services,Plano,TX,33.0198431,-96.6988856
Blackstone Group,Financials,Diversified Financials,New York,NY,40.7127753,-74.0059728
Berry Global Group,Materials,"Packaging, Containers",Evansville,IN,37.9715592,-87.5710898
Builders FirstSource,Materials,"Building Materials, Glass",Dallas,TX,32.7766642,-96.7969879
Activision Blizzard,Technology,Entertainment,Santa Monica,CA,34.0194543,-118.4911912
JetBlue Airways,Transportation,Airlines,,NY,40.744679,-73.9485424
Amphenol,Technology,Network and Other Communications Equipment,Wallingford,CT,41.4570108,-72.8230736
A-Mark Precious Metals,Materials,Miscellaneous,El Segundo,CA,33.9191799,-118.4164652
Spirit AeroSystems Holdings,Aerospace &  Defense,Aerospace and Defense,Wichita,KS,37.6871761,-97.330053
R.R. Donnelley & Sons,Media,"Publishing, Printing",Chicago,IL,41.8781136,-87.6297982
Harris,Aerospace &  Defense,Aerospace and Defense,Melbourne,FL,28.0836269,-80.6081089
Expeditors Intl. of Washington,Transportation,Transportation and Logistics,Seattle,WA,47.6062095,-122.3320708
Discovery,Media,Entertainment,Silver Spring,MD,38.9906657,-77.026088
Owens-Illinois,Materials,"Packaging, Containers",Perrysburg,OH,41.556996,-83.627157
Sanmina,Technology,Semiconductors and Other Electronic Components,San Jose,CA,37.3382082,-121.8863286
KeyCorp,Financials,Commercial Banks,Cleveland,OH,41.49932,-81.6943605
American Financial Group,Financials,Insurance: Property and Casualty (Stock),Cincinnati,OH,39.1031182,-84.5120196
Oshkosh,Industrials,Construction and Farm Machinery,Oshkosh,WI,44.0247062,-88.5426136
Rockwell Collins,Aerospace &  Defense,Aerospace and Defense,Cedar Rapids,IA,41.9778795,-91.6656232
Kindred Healthcare,Health Care,Health Care: Medical Facilities,Louisville,KY,38.2526647,-85.7584557
Insight Enterprises,Technology,Information Technology Services,Tempe,AZ,33.4255104,-111.9400054
Dr Pepper Snapple Group,"Food, Beverages &  Tobacco",Beverages,Plano,TX,33.0198431,-96.6988856
American Tower,Financials,Real estate,Boston,MA,42.3600825,-71.0588801
Fortive,Industrials,Industrial Machinery,Everett,WA,47.9789848,-122.2020795
Ralph Lauren,Apparel,Apparel,New York,NY,40.7127753,-74.0059728
HRG Group,Household Products,Household and Personal Products,New York,NY,40.7127753,-74.0059728
Ascena Retail Group,Retailing,Specialty Retailers: Apparel,Mahwah,NJ,41.0886216,-74.1435843
United Rentals,Business Services,Miscellaneous,Stamford,CT,41.0534302,-73.5387341
Caseys General Stores,Retailing,Specialty Retailers: Other,Ankeny,IA,41.7317884,-93.6001278
Graybar Electric,Wholesalers,Wholesalers: Diversified,St. Louis,MO,38.6270025,-90.1994042
Avery Dennison,Materials,"Packaging, Containers",Glendale,CA,34.1425078,-118.255075
MasTec,Engineering &  Construction,"Engineering, Construction",Coral Gables,FL,25.72149,-80.2683838
CMS Energy,Energy,Utilities: Gas and Electric,Jackson,MI,42.245869,-84.4013462
HD Supply Holdings,Wholesalers,Wholesalers: Diversified,Atlanta,GA,33.7489954,-84.3879824
Raymond James Financial,Financials,Securities,St. Petersburg,FL,27.7676008,-82.6402915
NCR,Technology,"Computers, Office Equipment",Atlanta,GA,33.7489954,-84.3879824
Hanesbrands,Apparel,Apparel,Winston-Salem,NC,36.0998596,-80.244216
Asbury Automotive Group,Retailing,"Automotive Retailing, Services",Duluth,GA,34.0028786,-84.1446376
Citizens Financial Group,Financials,Commercial Banks,Providence,RI,41.8239891,-71.4128343
Packaging Corp. of America,Materials,"Packaging, Containers",Lake Forest,IL,42.2586342,-87.840625
Alleghany,Financials,Insurance: Property and Casualty (Stock),New York,NY,40.7127753,-74.0059728
Apache,Energy,"Mining, Crude-Oil Production",Houston,TX,29.7604267,-95.3698028
Dillards,Retailing,General Merchandisers,Little Rock,AR,34.7464809,-92.2895948
Assurant,Financials,Insurance: Property and Casualty (Stock),New York,NY,40.7127753,-74.0059728
Franklin Resources,Financials,Securities,San Mateo,CA,37.5629917,-122.3255254
Owens Corning,Materials,"Building Materials, Glass",Toledo,OH,41.6528052,-83.5378674
Motorola Solutions,Technology,Network and Other Communications Equipment,Chicago,IL,41.8781136,-87.6297982
NVR,Engineering &  Construction,Homebuilders,Reston,VA,38.9586307,-77.3570028
Rockwell Automation,Industrials,"Electronics, Electrical Equip.",Milwaukee,WI,43.0389025,-87.9064736
TreeHouse Foods,"Food, Beverages &  Tobacco",Food Consumer Products,Oak Brook,IL,41.8397865,-87.9535534
Wynn Resorts,"Hotels, Restaurants &  Leisure","Hotels, Casinos, Resorts",Las Vegas,NV,36.1699412,-115.1398296
Olin,Chemicals,Chemicals,Clayton,MO,38.6425518,-90.3237263
American Axle & Manufacturing,Motor Vehicles &  Parts,Motor Vehicles and Parts,Detroit,MI,42.331427,-83.0457538
Old Republic International,Financials,Insurance: Property and Casualty (Stock),Chicago,IL,41.8781136,-87.6297982
Chemours,Chemicals,Chemicals,Wilmington,DE,39.7390721,-75.5397878
iHeartMedia,Media,Entertainment,San Antonio,TX,29.4241219,-98.4936282
Ameren,Energy,Utilities: Gas and Electric,St. Louis,MO,38.6270025,-90.1994042
Arthur J. Gallagher,Financials,Diversified Financials,Rolling Meadows,IL,42.0841936,-88.0131275
Celanese,Chemicals,Chemicals,Irving,TX,32.8140177,-96.9488945
Sealed Air,Materials,"Packaging, Containers",Charlotte,NC,35.2270869,-80.8431267
UGI,Energy,Energy,King of Prussia,PA,40.1012856,-75.3835525
Realogy Holdings,Financials,Real estate,Madison,NJ,40.7598227,-74.417097
Burlington Stores,Retailing,Specialty Retailers: Apparel,Burlington,NJ,40.071222,-74.8648873
Regions Financial,Financials,Commercial Banks,Birmingham,AL,33.5206608,-86.80249
AK Steel Holding,Materials,Metals,Beckett Ridge,OH,39.3321262,-84.4172666
Securian Financial Group,Financials,"Insurance: Life, Health (stock)",St Paul,MN,44.9537029,-93.0899578
S& P Global,Business Services,Financial Data Services,New York,NY,40.7127753,-74.0059728
Markel,Financials,Insurance: Property and Casualty (Stock),Glen Allen,VA,37.665978,-77.5063739
TravelCenters of America,Retailing,Specialty Retailers: Other,Westlake,OH,41.4553232,-81.9179173
Conduent,Business Services,Diversified Outsourcing Services,Florham Park,NJ,40.787878,-74.3882072
M& T Bank Corp.,Financials,Commercial Banks,Buffalo,NY,42.8864468,-78.8783689
Clorox,Household Products,Household and Personal Products,Oakland,CA,37.8043637,-122.2711137
AmTrust Financial Services,Financials,Insurance: Property and Casualty (Stock),New York,NY,40.7127753,-74.0059728
KKR,Financials,Securities,New York,NY,40.7127753,-74.0059728
Ulta Beauty,Retailing,Specialty Retailers: Other,Bolingbrook,IL,41.6986416,-88.0683955
Yum Brands,"Hotels, Restaurants &  Leisure",Food Services,Louisville,KY,38.2526647,-85.7584557
Regeneron Pharmaceuticals,Health Care,Pharmaceuticals,Tarrytown,NY,41.0762077,-73.8587461
Windstream Holdings,Telecommunications,Telecommunications,Little Rock,AR,34.7464809,-92.2895948
Magellan Health,Health Care,Health Care: Insurance and Managed Care,Scottsdale,AZ,33.4941704,-111.9260519
Western & Southern Financial,Financials,"Insurance: Life, Health (Mutual)",Cincinnati,OH,39.1031182,-84.5120196
Intercontinental Exchange,Financials,Securities,Atlanta,GA,33.7489954,-84.3879824
Ingredion,"Food, Beverages &  Tobacco",Food Production,Westchester,IL,41.8498339,-87.8806738
Wyndham Destinations,"Hotels, Restaurants &  Leisure","Hotels, Casinos, Resorts",Parsippany-Troy Hills,NJ,40.8652865,-74.4173877
Toll Brothers,Engineering &  Construction,Homebuilders,Horsham,PA,40.1784422,-75.1285061
Seaboard,"Food, Beverages &  Tobacco",Food Production,Merriam,KS,39.0236165,-94.6935701
Booz Allen Hamilton,Technology,Information Technology Services,McLean,VA,38.9338676,-77.1772604
First American Financial,Financials,Insurance: Property and Casualty (Stock),Santa Ana,CA,33.7454725,-117.867653
Cincinnati Financial,Financials,Insurance: Property and Casualty (Stock),Fairfield,OH,39.3454673,-84.5603187
Avon Products,Household Products,Household and Personal Products,Rye,NY,40.9806535,-73.6837399
Northern Trust,Financials,Commercial Banks,Chicago,IL,41.8781136,-87.6297982
Fiserv,Business Services,Financial Data Services,Brookfield,WI,43.0605671,-88.1064787
Harley-Davidson,Transportation,Transportation Equipment,Milwaukee,WI,43.0389025,-87.9064736
Cheniere Energy,Energy,Energy,Houston,TX,29.7604267,-95.3698028
Patterson,Wholesalers,Wholesalers: Health Care,St Paul,MN,44.9537029,-93.0899578
Peabody Energy,Energy,"Mining, Crude-Oil Production",St. Louis,MO,38.6270025,-90.1994042
ON Semiconductor,Technology,Semiconductors and Other Electronic Components,Phoenix,AZ,33.4483771,-112.0740373
Simon Property Group,Financials,Real estate,Indianapolis,IN,39.768403,-86.158068
Western Union,Business Services,Financial Data Services,Englewood,CO,39.6477653,-104.9877597
NetApp,Technology,"Computers, Office Equipment",Sunnyvale,CA,37.36883,-122.0363496
Polaris Industries,Transportation,Transportation Equipment,Medina,MN,45.0352411,-93.5824586
Pioneer Natural Resources,Energy,"Mining, Crude-Oil Production",Irving,TX,32.8140177,-96.9488945
ABM Industries,Business Services,Diversified Outsourcing Services,New York,NY,40.7127753,-74.0059728
Vistra Energy,Energy,Energy,Irving,TX,32.8140177,-96.9488945
Cintas,Business Services,Diversified Outsourcing Services,Cincinnati,OH,39.1031182,-84.5120196
Hess,Energy,"Mining, Crude-Oil Production",New York,NY,40.7127753,-74.0059728
Host Hotels & Resorts,Financials,Real estate,Bethesda,MD,38.984652,-77.0947092
Kelly Services,Business Services,Temporary Help,Troy,MI,42.6064095,-83.1497751
Genesis Healthcare,Health Care,Health Care: Medical Facilities,Kennett Square,PA,39.8467767,-75.7116032
Michaels Cos.,Retailing,Specialty Retailers: Other,Irving,TX,32.8140177,-96.9488945
Advanced Micro Devices,Technology,Semiconductors and Other Electronic Components,Santa Clara,CA,37.3541079,-121.9552356
Zoetis,Health Care,Pharmaceuticals,Parsippany-Troy Hills,NJ,40.8652865,-74.4173877
Williams-Sonoma,Retailing,Specialty Retailers: Other,SF,CA,37.7749295,-122.4194155
Fortune Brands Home & Security,Household Products,"Home Equipment, Furnishings",Deerfield,IL,42.1711365,-87.8445119
Big Lots,Retailing,Specialty Retailers: Other,Columbus,OH,39.9611755,-82.9987942
Robert Half International,Business Services,Temporary Help,Menlo Park,CA,37.4529598,-122.1817252
Post Holdings,"Food, Beverages &  Tobacco",Food Consumer Products,St. Louis,MO,38.6270025,-90.1994042
Hasbro,Household Products,"Toys, Sporting Goods",Pawtucket,RI,41.878711,-71.3825558
Hanover Insurance Group,Financials,Insurance: Property and Casualty (Stock),Worcester,MA,42.2625932,-71.8022934
Navient,Financials,Diversified Financials,Wilmington,DE,39.7390721,-75.5397878
Intuit,Technology,Computer Software,Mountain View,CA,37.3860517,-122.0838511
Domtar,Materials,Forest and Paper Products,Fort Mill,SC,35.0073697,-80.9450759
Marathon Oil,Energy,"Mining, Crude-Oil Production",Houston,TX,29.7604267,-95.3698028
Cerner,Health Care,Health Care: Pharmacy and Other Services,North Kansas City,MO,39.1429081,-94.5729781
Analog Devices,Technology,Semiconductors and Other Electronic Components,Norwood,MA,42.1943909,-71.1989695
Telephone & Data Systems,Telecommunications,Telecommunications,Chicago,IL,41.8781136,-87.6297982
Essendant,Wholesalers,Wholesalers: Electronics and Office Equipment,Deerfield,IL,42.1711365,-87.8445119
Sonoco Products,Materials,"Packaging, Containers",Hartsville,SC,34.3740431,-80.0734005
Juniper Networks,Technology,Network and Other Communications Equipment,Sunnyvale,CA,37.36883,-122.0363496
Commercial Metals,Materials,Metals,Irving,TX,32.8140177,-96.9488945
CSRA,Technology,Information Technology Services,Falls Church,VA,38.882334,-77.1710914
Under Armour,Apparel,Apparel,Baltimore,MD,39.2903848,-76.6121893
RPM International,Chemicals,Chemicals,Medina,OH,41.143245,-81.8552196
Total System Services,Business Services,Financial Data Services,Columbus,GA,32.4609764,-84.9877094
Levi Strauss,Apparel,Apparel,SF,CA,37.7749295,-122.4194155
Brunswick,Transportation,Transportation Equipment,Libertyville,IL,42.2333571,-87.9259058
YRC Worldwide,Transportation,"Trucking, Truck Leasing",Overland Park,KS,38.9822282,-94.6707917
Mattel,Household Products,"Toys, Sporting Goods",El Segundo,CA,33.9191799,-118.4164652
FM Global,Financials,Insurance: Property and Casualty (Stock),Johnston,RI,41.8205199,-71.512617
NiSource,Energy,Utilities: Gas and Electric,Merrillville,IN,41.4828144,-87.3328139
Caesars Entertainment,"Hotels, Restaurants &  Leisure","Hotels, Casinos, Resorts",Las Vegas,NV,36.1699412,-115.1398296
Electronic Arts,Technology,Entertainment,Redwood City,CA,37.4852152,-122.2363548
Dynegy,Energy,Energy,Houston,TX,29.7604267,-95.3698028
McCormick,"Food, Beverages &  Tobacco",Food Consumer Products,Sparks Glencoe,MD,39.5309389,-76.6458043
T. Rowe Price,Financials,Securities,Baltimore,MD,39.2903848,-76.6121893
Orbital ATK,Aerospace &  Defense,Aerospace and Defense,Sterling,VA,38.9624899,-77.4380485
Tutor Perini,Engineering &  Construction,"Engineering, Construction",Los Angeles,CA,34.3058279,-118.4571974
Brookdale Senior Living,Health Care,Health Care: Medical Facilities,Brentwood,TN,36.0331164,-86.7827772
Huntington Bancshares,Financials,Commercial Banks,Columbus,OH,39.9611755,-82.9987942
Wayfair,Technology,Internet Services and Retailing,Boston,MA,42.3600825,-71.0588801
Rush Enterprises,Retailing,"Automotive Retailing, Services",New Braunfels,TX,29.7030024,-98.1244531
Xylem,Industrials,Industrial Machinery,Rye Brook,NY,41.0192641,-73.6834621
Neiman Marcus Group,Retailing,Specialty Retailers: Apparel,Dallas,TX,32.7766642,-96.7969879
Hyatt Hotels,"Hotels, Restaurants &  Leisure","Hotels, Casinos, Resorts",Chicago,IL,41.8781136,-87.6297982
Sprouts Farmers Market,Food &  Drug Stores,Food and Drug Stores,Phoenix,AZ,33.4483771,-112.0740373
Diebold Nixdorf,Technology,"Computers, Office Equipment",North Canton,OH,40.875891,-81.4023356
Roper Technologies,Technology,"Scientific,Photographic and  Control Equipment",Sarasota,FL,27.3364347,-82.5306527
Smart & Final Stores,Food &  Drug Stores,Food and Drug Stores,Commerce,CA,34.0005691,-118.1597929
CommScope Holding,Technology,Network and Other Communications Equipment,Newton,NC,35.7344538,-81.3444573
Tapestry,Apparel,Apparel,New York City,NY,40.7127753,-74.0059728
Diplomat Pharmacy,Health Care,Health Care: Pharmacy and Other Services,Flint,MI,43.0125274,-83.6874562
Chipotle Mexican Grill,"Hotels, Restaurants &  Leisure",Food Services,Denver,CO,39.7392358,-104.990251
Agilent Technologies,Technology,"Scientific,Photographic and  Control Equipment",Santa Clara,CA,37.3541079,-121.9552356
Science Applications International,Technology,Information Technology Services,Reston,VA,38.9586307,-77.3570028
MDU Resources Group,Energy,Energy,Bismarck,ND,46.8083268,-100.7837392
Select Medical Holdings,Health Care,Health Care: Medical Facilities,Mechanicsburg,PA,40.2142565,-77.0085876
Boise Cascade,Wholesalers,Wholesalers: Diversified,Boise,ID,43.6150186,-116.2023137
National General Holdings,Financials,Insurance: Property and Casualty (Stock),New York,NY,40.7127753,-74.0059728
SCANA,Energy,Utilities: Gas and Electric,Cayce,SC,33.9657091,-81.0739827
Graphic Packaging Holding,Materials,"Packaging, Containers",Atlanta,GA,33.7489954,-84.3879824
Fastenal,Wholesalers,Wholesalers: Diversified,Winona,MN,44.0553908,-91.6663523
Schneider National,Transportation,"Trucking, Truck Leasing",Green Bay,WI,44.5133188,-88.0132958
Laureate Education,Business Services,Education,Baltimore,MD,39.2903848,-76.6121893
Beacon Roofing Supply,Wholesalers,Wholesalers: Diversified,Herndon,VA,38.9695545,-77.3860976
KB Home,Engineering &  Construction,Homebuilders,Los Angeles,CA,34.0522342,-118.2436849
Equinix,Financials,Real estate,Redwood City,CA,37.4852152,-122.2363548
Terex,Industrials,Construction and Farm Machinery,Westport,CT,41.1414717,-73.3579049
Crown Castle International,Financials,Real estate,Houston,TX,29.7604267,-95.3698028
CACI International,Technology,Information Technology Services,Arlington,VA,38.8816208,-77.0909809
Watsco,Wholesalers,Wholesalers: Diversified,Miami,FL,25.7616798,-80.1917902
Coca-Cola Bottling,"Food, Beverages &  Tobacco",Beverages,Charlotte,NC,35.2270869,-80.8431267
Welltower,Financials,Real estate,Toledo,OH,41.6528052,-83.5378674
ADT,Business Services,Diversified Outsourcing Services,Boca Raton,FL,26.3683064,-80.1289321
Ametek,Technology,"Scientific,Photographic and  Control Equipment",Berwyn,PA,40.045824,-75.4395931
CNO Financial Group,Financials,"Insurance: Life, Health (stock)",Carmel,IN,39.978371,-86.1180435
Camping World Holdings,Retailing,"Automotive Retailing, Services",Lincolnshire,IL,42.1900249,-87.9084039
LPL Financial Holdings,Financials,Securities,Boston,MA,42.3600825,-71.0588801
Noble Energy,Energy,"Mining, Crude-Oil Production",Houston,TX,29.7604267,-95.3698028
Bloomin Brands,"Hotels, Restaurants &  Leisure",Food Services,Tampa,FL,27.950575,-82.4571776
Moodys,Business Services,Financial Data Services,New York,NY,40.7127753,-74.0059728
Symantec,Technology,Computer Software,Mountain View,CA,37.3860517,-122.0838511
Amkor Technology,Technology,Semiconductors and Other Electronic Components,Tempe,AZ,33.4255104,-111.9400054
Skechers U.S.A.,Apparel,Apparel,Manhattan Beach,CA,33.8847361,-118.4109089
KBR,Engineering &  Construction,"Engineering, Construction",Houston,TX,29.7604267,-95.3698028
Tiffany,Retailing,Specialty Retailers: Other,New York,NY,40.7127753,-74.0059728
Torchmark,Financials,"Insurance: Life, Health (stock)",McKinney,TX,33.1972465,-96.6397822
Broadridge Financial Solutions,Business Services,Financial Data Services,Lake Success,NY,40.7706572,-73.7176312
Quad/Graphics,Media,"Publishing, Printing",Sussex,WI,43.13418,-88.22294
CF Industries Holdings,Chemicals,Chemicals,Deerfield,IL,42.1711365,-87.8445119
Carlisle,Materials,"Building Materials, Glass",Scottsdale,AZ,33.4941704,-111.9260519
Silgan Holdings,Materials,"Packaging, Containers",Stamford,CT,41.0534302,-73.5387341
Bemis,Materials,"Packaging, Containers",Neenah,WI,44.1858193,-88.462609
CA,Technology,Computer Software,New York,NY,40.7127753,-74.0059728
Hub Group,Transportation,Transportation and Logistics,Oak Brook,IL,41.8397865,-87.9535534
Worldpay,Business Services,Financial Data Services,Cincinnati,OH,39.2807348,-84.3173878
Ingles Markets,Food &  Drug Stores,Food and Drug Stores,Black Mountain,NC,35.6178951,-82.3212302
Snap-on,Industrials,Industrial Machinery,Kenosha,WI,42.5847425,-87.8211854
Dentsply Sirona,Health Care,Medical Products and Equipment,York,PA,39.9625984,-76.727745
Calumet Specialty Products,Energy,Petroleum Refining,Indianapolis,IN,39.768403,-86.158068
Global Payments,Business Services,Financial Data Services,Atlanta,GA,33.7489954,-84.3879824
Encompass Health,Health Care,Health Care: Medical Facilities,Birmingham,AL,33.5206608,-86.80249
Martin Marietta Materials,Materials,"Building Materials, Glass",Raleigh,NC,35.7795897,-78.6381787
Nasdaq,Financials,Securities,New York,NY,40.7127753,-74.0059728
Leggett & Platt,Household Products,"Home Equipment, Furnishings",Carthage,MO,37.176447,-94.3102228
Universal Forest Products,Materials,"Building Materials, Glass",Grand Rapids,MI,42.9633599,-85.6680863
Sally Beauty Holdings,Retailing,Specialty Retailers: Other,Denton,TX,33.2148412,-97.1330683
Flowers Foods,"Food, Beverages &  Tobacco",Food Consumer Products,Thomasville,GA,30.8365815,-83.9787808
Barnes & Noble,Retailing,Specialty Retailers: Other,New York,NY,40.7127753,-74.0059728
American Equity Investment Life,Financials,"Insurance: Life, Health (stock)",West Des Moines,IA,41.5772115,-93.711332
Vulcan Materials,Materials,"Building Materials, Glass",Birmingham,AL,33.5206608,-86.80249
Taylor Morrison Home,Engineering &  Construction,Homebuilders,Scottsdale,AZ,33.4941704,-111.9260519
Westinghouse Air Brake,Industrials,Industrial Machinery,Wilmerding,PA,40.3909023,-79.8100472
Crestwood Equity Partners,Energy,Energy,Houston,TX,29.7604267,-95.3698028
Iron Mountain,Business Services,Diversified Outsourcing Services,Boston,MA,42.3600825,-71.0588801
Lennox International,Industrials,Industrial Machinery,Richardson,TX,32.9483335,-96.7298519
General Cable,Industrials,"Electronics, Electrical Equip.",Highland Heights,KY,39.0331169,-84.4518854
American Eagle Outfitters,Retailing,Specialty Retailers: Apparel,Pittsburgh,PA,40.4406248,-79.9958864
Church & Dwight,Household Products,Household and Personal Products,Ewing Township,NJ,40.2599864,-74.7909125
Platform Specialty Products,Chemicals,Chemicals,West Palm Beach,FL,26.7153424,-80.0533746
JELD-WEN Holding,Materials,"Building Materials, Glass",Charlotte,NC,35.2270869,-80.8431267
OneMain Holdings,Financials,Diversified Financials,Evansville,IN,37.9715592,-87.5710898
Colfax,Industrials,Industrial Machinery,Annapolis Junction,MD,39.1202934,-76.7769324
Zebra Technologies,Industrials,"Electronics, Electrical Equip.",Lincolnshire,IL,42.1900249,-87.9084039
Andersons,"Food, Beverages &  Tobacco",Food Production,Maumee,OH,41.5628294,-83.6538244
TD Ameritrade Holding,Financials,Securities,Omaha,NE,41.2565369,-95.9345034
Carlyle Group,Financials,Securities,Leavenworth,WA,47.7510741,-120.7401385
Hubbell,Industrials,"Electronics, Electrical Equip.",Shelton,CT,41.3164856,-73.0931641
Trinity Industries,Transportation,Transportation Equipment,Dallas,TX,32.7766642,-96.7969879
Darling Ingredients,"Food, Beverages &  Tobacco",Food Production,Irving,TX,32.8140177,-96.9488945
Flowserve,Industrials,Industrial Machinery,Irving,TX,32.8140177,-96.9488945
Antero Resources,Energy,"Mining, Crude-Oil Production",Denver,CO,39.7392358,-104.990251
Skyworks Solutions,Technology,Semiconductors and Other Electronic Components,Woburn,MA,42.4792618,-71.1522765
Landstar System,Transportation,"Trucking, Truck Leasing",Jacksonville,FL,30.3321838,-81.655651
Buckeye Partners,Energy,Pipelines,Houston,TX,29.7604267,-95.3698028
MRC Global,Energy,"Oil and Gas Equipment, Services",Houston,TX,29.7604267,-95.3698028
CME Group,Financials,Securities,Chicago,IL,41.8781136,-87.6297982
Greif,Materials,"Packaging, Containers",Delaware,OH,40.2986724,-83.067965
Nexeo Solutions,Wholesalers,Wholesalers: Diversified,The Woodlands,TX,30.1658207,-95.4612625
Cooper-Standard Holdings,Motor Vehicles &  Parts,Motor Vehicles and Parts,Novi,MI,42.48059,-83.4754913
Urban Outfitters,Retailing,Specialty Retailers: Apparel,Philadelphia,PA,39.9525839,-75.1652215
LSC Communications,Media,"Publishing, Printing",Chicago,IL,41.8781136,-87.6297982
Sabre,Technology,Internet Services and Retailing,Southlake,TX,32.9412363,-97.1341783
Green Plains,Energy,Energy,Omaha,NE,41.2565369,-95.9345034
Hexion,Chemicals,Chemicals,Columbus,OH,39.9611755,-82.9987942
Stericycle,Business Services,Waste Management,Lake Forest,IL,42.2586342,-87.840625
Warner Music Group,Media,Entertainment,New York,NY,40.7127753,-74.0059728
Ventas,Financials,Real estate,Chicago,IL,41.8781136,-87.6297982
ScanSource,Wholesalers,Wholesalers: Electronics and Office Equipment,Greenville,SC,34.8526176,-82.3940104
Pinnacle West Capital,Energy,Utilities: Gas and Electric,Phoenix,AZ,33.4483771,-112.0740373
Scripps Networks Interactive,Media,Entertainment,Knoxville,TN,35.9606384,-83.9207392
Alexion Pharmaceuticals,Health Care,Pharmaceuticals,New Haven,CT,41.308274,-72.9278835
Pitney Bowes,Technology,"Computers, Office Equipment",Stamford,CT,41.0534302,-73.5387341
CIT Group,Financials,Commercial Banks,New York,NY,40.7127753,-74.0059728
Country Financial,Financials,Insurance: Property and Casualty (Mutual),Bloomington,IL,40.4842027,-88.9936873
CUNA Mutual Group,Financials,"Insurance: Life, Health (stock)",Madison,WI,43.0730517,-89.4012302
Triumph Group,Aerospace &  Defense,Aerospace and Defense,Berwyn,PA,40.045824,-75.4395931
TransDigm Group,Aerospace &  Defense,Aerospace and Defense,Cleveland,OH,41.49932,-81.6943605
Allegheny Technologies,Materials,Metals,Pittsburgh,PA,40.4406248,-79.9958864
Resolute Forest Products,Materials,Forest and Paper Products,Catawba,SC,34.8529233,-80.9111862
Acuity Brands,Industrials,"Electronics, Electrical Equip.",Atlanta,GA,33.7489954,-84.3879824
Abercrombie & Fitch,Retailing,Specialty Retailers: Apparel,New Albany,OH,40.0811745,-82.8087864
KLA-Tencor,Technology,Semiconductors and Other Electronic Components,Milpitas,CA,37.4323341,-121.8995741
Weis Markets,Food &  Drug Stores,Food and Drug Stores,Sunbury,PA,40.862585,-76.7944104
Puget Energy,Energy,Utilities: Gas and Electric,Bellevue,WA,47.6101497,-122.2015159
Mednax,Health Care,Health Care: Pharmacy and Other Services,Fort Lauderdale,FL,26.1669711,-80.256595
Kar Auction Services,Wholesalers,Wholesalers: Diversified,Carmel,IN,39.978371,-86.1180435
PolyOne,Chemicals,Chemicals,Avon Lake,OH,41.5053178,-82.0282001
FMC,Chemicals,Chemicals,Philadelphia,PA,39.9525839,-75.1652215
Edwards Lifesciences,Health Care,Medical Products and Equipment,Irvine,CA,33.6845673,-117.8265049
Microchip Technology,Technology,Semiconductors and Other Electronic Components,Chandler,AZ,33.3061605,-111.8412502
Amerco,Transportation,"Trucking, Truck Leasing",Reno,NV,39.5296329,-119.8138027
Mercury General,Financials,Insurance: Property and Casualty (Stock),Los Angeles,CA,34.0522342,-118.2436849
American National Insurance,Financials,"Insurance: Life, Health (stock)",Galveston,TX,29.3013479,-94.7976958
Carters,Apparel,Apparel,Atlanta,GA,33.7489954,-84.3879824
International Flavors & Fragrances,Chemicals,Chemicals,New York,NY,40.7127753,-74.0059728
Aarons,Retailing,Specialty Retailers: Other,Atlanta,GA,33.7489954,-84.3879824
Alliant Energy,Energy,Utilities: Gas and Electric,Madison,WI,43.0730517,-89.4012302
EQT,Energy,Energy,Pittsburgh,PA,40.4406248,-79.9958864
Monster Beverage,"Food, Beverages &  Tobacco",Beverages,Corona,CA,33.8752935,-117.5664384
BMC Stock Holdings,Wholesalers,Wholesalers: Diversified,Atlanta,GA,33.7489954,-84.3879824
Ryerson Holding,Materials,Metals,Chicago,IL,41.8781136,-87.6297982
Equifax,Business Services,Financial Data Services,Atlanta,GA,33.7489954,-84.3879824
Regal Beloit,Industrials,"Electronics, Electrical Equip.",Beloit,WI,42.5083482,-89.0317765
Old Dominion Freight Line,Transportation,"Trucking, Truck Leasing",Thomasville,NC,35.8826369,-80.0819879
American Water Works,Energy,Miscellaneous,Voorhees Township,NJ,39.8519447,-74.961517
BGC Partners,Financials,Securities,New York,NY,40.7127753,-74.0059728
Brinks,Business Services,Diversified Outsourcing Services,Richmond,VA,37.5407246,-77.4360481
Meritor,Business Services,Diversified Outsourcing Services,Richmond,VA,37.5407246,-77.4360481
Sentry Insurance Group,Financials,Insurance: Property and Casualty (Mutual),Stevens Point,WI,44.5235792,-89.574563
Sanderson Farms,"Food, Beverages &  Tobacco",Food Production,Laurel,MS,31.6940509,-89.1306124
KapStone Paper & Packaging,Materials,"Packaging, Containers",Northbrook,IL,42.1275267,-87.8289548
Gartner,Technology,Information Technology Services,Stamford,CT,41.0534302,-73.5387341
IAC/InterActiveCorp,Technology,Internet Services and Retailing,New York City,NY,40.7127753,-74.0059728
Tailored Brands,Retailing,Specialty Retailers: Apparel,Houston,TX,29.7604267,-95.3698028
WABCO Holdings,Motor Vehicles &  Parts,Motor Vehicles and Parts,Rochester Hills,MI,42.6583661,-83.1499322
Insperity,Business Services,Diversified Outsourcing Services,Houston,TX,30.0575359,-95.1902986
Comerica,Financials,Commercial Banks,Dallas,TX,32.7766642,-96.7969879
TriNet Group,Business Services,Diversified Outsourcing Services,San Leandro,CA,37.7249296,-122.1560768
Avaya Holdings,Technology,Information Technology Services,Santa Clara,CA,37.3541079,-121.9552356
Ashland Global Holdings,Chemicals,Chemicals,Covington,KY,39.0836712,-84.5085536
Meritage Homes,Engineering &  Construction,Homebuilders,Scottsdale,AZ,33.4941704,-111.9260519
SkyWest,Transportation,Airlines,St. George,UT,37.0965278,-113.5684164
USG,Materials,"Building Materials, Glass",Chicago,IL,41.8781136,-87.6297982
Southwestern Energy,Energy,"Mining, Crude-Oil Production",Spring,TX,30.0799405,-95.4171601
Keysight Technologies,Technology,"Scientific,Photographic and  Control Equipment",Santa Rosa,CA,38.440429,-122.7140548
Regal Entertainment Group,Media,Entertainment,Knoxville,TN,35.9606384,-83.9207392
Mutual of America Life Insurance,Financials,"Insurance: Life, Health (Mutual)",New York,NY,40.7127753,-74.0059728
Paychex,Business Services,Diversified Outsourcing Services,Rochester,NY,43.1565779,-77.6088465
Brinker International,"Hotels, Restaurants &  Leisure",Food Services,Dallas,TX,32.7766642,-96.7969879
Penn National Gaming,"Hotels, Restaurants &  Leisure","Hotels, Casinos, Resorts",Wyomissing,PA,40.329537,-75.9652117
Gannett,Media,"Publishing, Printing",McLean,VA,38.9338676,-77.1772604
Visteon,Motor Vehicles &  Parts,Motor Vehicles and Parts,Van Buren Charter Township,MI,42.2203171,-83.4838244
Pinnacle Foods,"Food, Beverages &  Tobacco",Food Consumer Products,Parsippany-Troy Hills,NJ,40.8652865,-74.4173877
Intuitive Surgical,Health Care,Medical Products and Equipment,Sunnyvale,CA,37.36883,-122.0363496
Continental Resources,Energy,"Mining, Crude-Oil Production",Oklahoma City,OK,35.4675602,-97.5164276
Service Corp. International,Business Services,Miscellaneous,Houston,TX,29.7604267,-95.3698028
Scientific Games,"Hotels, Restaurants &  Leisure","Hotels, Casinos, Resorts",Las Vegas,NV,36.1699412,-115.1398296
Albemarle,Chemicals,Chemicals,Charlotte,NC,35.2270869,-80.8431267
Atmos Energy,Energy,Utilities: Gas and Electric,Dallas,TX,32.7766642,-96.7969879
Hologic,Health Care,Medical Products and Equipment,Marlboro,MA,42.3459271,-71.5522874
H& R Block,Financials,Diversified Financials,KCMO,MO,39.0997265,-94.5785667
Qorvo,Technology,Semiconductors and Other Electronic Components,Greensboro,NC,36.0726354,-79.7919754
Steelcase,Household Products,"Home Equipment, Furnishings",Grand Rapids,MI,42.9633599,-85.6680863
Univision Communications,Media,Entertainment,New York,NY,40.7127753,-74.0059728
Worthington Industries,Materials,Metals,Columbus,OH,39.9611755,-82.9987942
Timken,Industrials,Industrial Machinery,North Canton,OH,40.875891,-81.4023356
A.O. Smith,Industrials,"Electronics, Electrical Equip.",Milwaukee,WI,43.0389025,-87.9064736
PriceSmart,Retailing,General Merchandisers,San Diego,CA,32.715738,-117.1610838
Stifel Financial,Financials,Securities,St. Louis,MO,38.6270025,-90.1994042
Brown-Forman,"Food, Beverages &  Tobacco",Beverages,Louisville,KY,38.2526647,-85.7584557
Cinemark Holdings,Media,Entertainment,Plano,TX,33.0198431,-96.6988856
Granite Construction,Engineering &  Construction,"Engineering, Construction",Watsonville,CA,36.910231,-121.7568946
Dycom Industries,Engineering &  Construction,"Engineering, Construction",Palm Beach Gardens,FL,26.8233946,-80.1386547
Clean Harbors,Business Services,Waste Management,Norwell,MA,42.1615157,-70.7927832
First Solar,Energy,Energy,Tempe,AZ,33.4255104,-111.9400054
Scotts Miracle-Gro,Chemicals,Chemicals,Marysville,OH,40.2364486,-83.3671432
Cracker Barrel Old Country Store,"Hotels, Restaurants &  Leisure",Food Services,Lebanon,TN,36.2081098,-86.2911024
Triple-S Management,Health Care,Health Care: Insurance and Managed Care,San Juan,Puerto Rico,18.4655394,-66.1057355
First Republic Bank,Financials,Commercial Banks,SF,CA,37.7749295,-122.4194155
ServiceMaster Global Holdings,Business Services,Diversified Outsourcing Services,Memphis,TN,35.1495343,-90.0489801
PC Connection,Retailing,Specialty Retailers: Other,Merrimack,NH,42.8678693,-71.4948322
Genesco,Retailing,Specialty Retailers: Apparel,Nashville,TN,36.1626638,-86.7816016
Medical Mutual of Ohio,Financials,"Insurance: Life, Health (Mutual)",Cleveland,OH,41.49932,-81.6943605
MSC Industrial Direct,Wholesalers,Wholesalers: Diversified,Melville,NY,40.7934322,-73.4151214
Legg Mason,Financials,Securities,Baltimore,MD,39.2903848,-76.6121893
Hyster-Yale Materials Handling,Industrials,Industrial Machinery,Cleveland,OH,41.49932,-81.6943605
Apollo Global Management,Financials,Securities,New York,NY,40.7127753,-74.0059728
Citrix Systems,Technology,Computer Software,Fort Lauderdale,FL,26.1224386,-80.1373174
Acadia Healthcare,Health Care,Health Care: Medical Facilities,Franklin,TN,35.9250637,-86.8688899
Varian Medical Systems,Health Care,Medical Products and Equipment,Palo Alto,CA,37.4418834,-122.1430195
Groupon,Technology,Internet Services and Retailing,Chicago,IL,41.8781136,-87.6297982
Aleris,Materials,Metals,Cleveland,OH,41.49932,-81.6943605
Sprague Resources,Wholesalers,Wholesalers: Diversified,Portsmouth,NH,43.0717552,-70.7625532
Cooper Tire & Rubber,Motor Vehicles &  Parts,Motor Vehicles and Parts,Findlay,OH,41.04422,-83.6499321
Hain Celestial Group,"Food, Beverages &  Tobacco",Food Consumer Products,Lake Success,NY,40.7706572,-73.7176312
Penn Mutual Life Insurance,Financials,"Insurance: Life, Health (stock)",Horsham,PA,40.1784422,-75.1285061
Colony NorthStar,Financials,Real estate,Los Angeles,CA,34.0522342,-118.2436849
ArcBest,Transportation,"Trucking, Truck Leasing",Fort Smith,AR,35.3859242,-94.3985475
Presidio,Technology,Information Technology Services,New York,NY,40.7127753,-74.0059728
TRI Pointe Group,Engineering &  Construction,Homebuilders,Irvine,CA,33.6845673,-117.8265049
Annaly Capital Management,Financials,Diversified Financials,New York,NY,40.7127753,-74.0059728
G-III Apparel Group,Apparel,Apparel,New York,NY,40.7127753,-74.0059728
AMC Networks,Media,Entertainment,New York,NY,40.7127753,-74.0059728
Enable Midstream Partners,Energy,Pipelines,Oklahoma City,OK,35.4675602,-97.5164276
Ciena,Technology,Network and Other Communications Equipment,Hanover,MD,39.1955042,-76.7228227
DSW,Retailing,Specialty Retailers: Apparel,Columbus,OH,39.9611755,-82.9987942
Convergys,Business Services,Diversified Outsourcing Services,Cincinnati,OH,39.1031182,-84.5120196
Park Hotels & Resorts,Financials,Real estate,McLean,VA,38.9338676,-77.1772604
Pool,Wholesalers,Wholesalers: Diversified,Covington,LA,30.4754702,-90.1009108
Fossil Group,Apparel,Apparel,Richardson,TX,32.9483335,-96.7298519
Dominos Pizza,"Hotels, Restaurants &  Leisure",Food Services,Ann Arbor,MI,42.2808256,-83.7430378
Crane,Industrials,Industrial Machinery,Stamford,CT,41.0534302,-73.5387341
Caleres,Retailing,Specialty Retailers: Apparel,St. Louis,MO,38.6270025,-90.1994042
Tempur Sealy International,Household Products,"Home Equipment, Furnishings",Lexington,KY,38.0405837,-84.5037164
Tetra Tech,Engineering &  Construction,"Engineering, Construction",Pasadena,CA,34.1477849,-118.1445155
Illumina,Technology,"Scientific,Photographic and  Control Equipment",San Diego,CA,32.715738,-117.1610838
Valmont Industries,Materials,Metals,Omaha,NE,41.2565369,-95.9345034
Hill-Rom Holdings,Health Care,Medical Products and Equipment,Chicago,IL,41.8781136,-87.6297982
Unisys,Technology,Information Technology Services,Blue Bell,PA,40.1523309,-75.266289
Zions Bancorp.,Financials,Commercial Banks,Salt Lake City,UT,40.7607793,-111.8910474
Sinclair Broadcast Group,Media,Entertainment,Cockeysville,MD,39.4900013,-76.6585074
Louisiana-Pacific,Materials,"Building Materials, Glass",Nashville,TN,36.1626638,-86.7816016
Mettler-Toledo International,Technology,"Scientific,Photographic and  Control Equipment",Columbus,OH,39.9611755,-82.9987942
Synopsys,Technology,Computer Software,Mountain View,CA,37.3860517,-122.0838511
Kemper,Financials,Insurance: Property and Casualty (Stock),Chicago,IL,41.8781136,-87.6297982
Cabot,Chemicals,Chemicals,Boston,MA,42.3600825,-71.0588801
Great Plains Energy,Energy,Utilities: Gas and Electric,KCMO,MO,39.0997265,-94.5785667
Rent-A-Center,Retailing,Specialty Retailers: Other,Plano,TX,33.0198431,-96.6988856
Hawaiian Holdings,Transportation,Airlines,Honolulu,HI,21.3069444,-157.8583333
Revlon,Household Products,Household and Personal Products,New York,NY,40.7127753,-74.0059728
Syneos Health,Health Care,Health Care: Pharmacy and Other Services,Raleigh,NC,35.7795897,-78.6381787
Public Storage,Financials,Real estate,Glendale,CA,34.1425078,-118.255075
TTM Technologies,Technology,Semiconductors and Other Electronic Components,Costa Mesa,CA,33.6412156,-117.9188221
Vectren,Energy,Utilities: Gas and Electric,Evansville,IN,37.9715592,-87.5710898
Trimble,Technology,"Scientific,Photographic and  Control Equipment",Sunnyvale,CA,37.36883,-122.0363496
NOW,Wholesalers,Wholesalers: Diversified,Houston,TX,29.7604267,-95.3698028
Spirit Airlines,Transportation,Airlines,Miramar,FL,25.9860762,-80.3035602
ASGN,Business Services,Temporary Help,Calabasas,CA,34.1367208,-118.6614809
Lincoln Electric Holdings,Industrials,Industrial Machinery,Cleveland,OH,41.49932,-81.6943605
Prologis,Financials,Real estate,SF,CA,37.7749295,-122.4194155
Range Resources,Energy,"Mining, Crude-Oil Production",Fort Worth,TX,32.7554883,-97.3307658
Teledyne Technologies,Aerospace &  Defense,Aerospace and Defense,Thousand Oaks,CA,34.1705609,-118.8375937
Vishay Intertechnology,Technology,Semiconductors and Other Electronic Components,Malvern,PA,40.0362184,-75.5138118
Boston Properties,Financials,Real estate,Boston,MA,42.3600825,-71.0588801
Applied Industrial Technologies,Wholesalers,Wholesalers: Diversified,Cleveland,OH,41.49932,-81.6943605
Graham Holdings,Business Services,Education,Arlington,VA,38.8816208,-77.0909809
Amica Mutual Insurance,Financials,Insurance: Property and Casualty (Mutual),Lincoln,RI,41.9110123,-71.4418101
Concho Resources,Energy,"Mining, Crude-Oil Production",Midland,TX,31.9973456,-102.0779146
ITT,Industrials,Industrial Machinery,White Plains,NY,41.0339862,-73.7629097
Kansas City Southern,Transportation,Railroads,KCMO,MO,39.0997265,-94.5785667
MDC Holdings,Engineering &  Construction,Homebuilders,Denver,CO,39.7392358,-104.990251
Evergy,Energy,Utilities: Gas and Electric,Topeka,KS,39.0473451,-95.6751576
Pinnacle Entertainment,"Hotels, Restaurants &  Leisure","Hotels, Casinos, Resorts",Las Vegas,NV,36.1699412,-115.1398296
Hawaiian Electric Industries,Energy,Utilities: Gas and Electric,Honolulu,HI,21.3069444,-157.8583333
TEGNA,Media,Entertainment,McLean,VA,38.9338676,-77.1772604
Southwest Gas Holdings,Energy,Utilities: Gas and Electric,Las Vegas,NV,36.1699412,-115.1398296
Vista Outdoor,Household Products,Miscellaneous,Farmington,UT,40.9804999,-111.8874392
Bon-Ton Stores,Retailing,General Merchandisers,York,PA,39.9625984,-76.727745
Super Micro Computer,Technology,"Computers, Office Equipment",San Jose,CA,37.3382082,-121.8863286
Plexus,Technology,Semiconductors and Other Electronic Components,Neenah,WI,44.1858193,-88.462609
TrueBlue,Business Services,Temporary Help,Tacoma,WA,47.2528768,-122.4442906
Magellan Midstream Partners,Energy,Pipelines,Tulsa,OK,36.1539816,-95.992775
Toro,Industrials,Construction and Farm Machinery,Bloomington,MN,44.840798,-93.2982799
Akamai Technologies,Technology,Internet Services and Retailing,Cambridge,MA,42.3736158,-71.1097335
Moog,Aerospace &  Defense,Aerospace and Defense,Elma Center,NY,42.8212288,-78.6341996
Vertex Pharmaceuticals,Health Care,Pharmaceuticals,Boston,MA,42.3600825,-71.0588801
Equity Residential,Financials,Real estate,Chicago,IL,41.8781136,-87.6297982
Selective Insurance Group,Financials,Insurance: Property and Casualty (Stock),Branchville,NJ,41.1464852,-74.7523874
AptarGroup,Materials,"Packaging, Containers",Crystal Lake,IL,42.2411344,-88.3161965
Benchmark Electronics,Technology,Semiconductors and Other Electronic Components,Scottsdale,AZ,33.4941704,-111.9260519
Columbia Sportswear,Apparel,Apparel,Portland,OR,45.5122308,-122.6587185
A. Schulman,Chemicals,Chemicals,Fairlawn,OH,41.127833,-81.609844
Verso,Materials,Forest and Paper Products,Miamisburg,OH,39.6428362,-84.2866083
Digital Realty Trust,Financials,Real estate,SF,CA,37.7749295,-122.4194155
GNC Holdings,Food &  Drug Stores,Food and Drug Stores,Pittsburgh,PA,40.4406248,-79.9958864
E*Trade Financial,Financials,Securities,New York,NY,40.7127753,-74.0059728
Hovnanian Enterprises,Engineering &  Construction,Homebuilders,Red Bank,NJ,40.3470543,-74.0643065
Maximus,Technology,Information Technology Services,Reston,VA,38.9586307,-77.3570028
Twitter,Technology,Internet Services and Retailing,SF,CA,37.7749295,-122.4194155
Par Pacific Holdings,Energy,Petroleum Refining,Houston,TX,29.7604267,-95.3698028
Parexel International,Health Care,Health Care: Pharmacy and Other Services,Waltham,MA,42.3764852,-71.2356113
RH,Retailing,Specialty Retailers: Other,Corte Madera,CA,37.9254806,-122.5274755
Nexstar Media Group,Media,Entertainment,Irving,TX,32.8140177,-96.9488945
Knight-Swift Transportation Holdings,Transportation,"Trucking, Truck Leasing",Phoenix,AZ,33.4483771,-112.0740373
Red Hat,Technology,Computer Software,Raleigh,NC,35.7795897,-78.6381787
Belden,Industrials,"Electronics, Electrical Equip.",St. Louis,MO,38.6270025,-90.1994042
Boyd Gaming,"Hotels, Restaurants &  Leisure","Hotels, Casinos, Resorts",Las Vegas,NV,36.1699412,-115.1398296
Primoris Services,Engineering &  Construction,"Engineering, Construction",Dallas,TX,32.7766642,-96.7969879
Gardner Denver,Industrials,Industrial Machinery,Milwaukee,WI,43.0389025,-87.9064736
Donaldson,Industrials,Industrial Machinery,Minneapolis,MN,44.977753,-93.2650108
Party City Holdco,Retailing,Specialty Retailers: Other,Elmsford,NY,41.0550969,-73.8201337
J.Crew Group,Retailing,Specialty Retailers: Apparel,New York,NY,40.7127753,-74.0059728
EnerSys,Industrials,"Electronics, Electrical Equip.",Reading,PA,40.3356483,-75.9268747
Guess,Retailing,Specialty Retailers: Apparel,Los Angeles,CA,34.0522342,-118.2436849
Patterson-UTI Energy,Energy,"Oil and Gas Equipment, Services",Houston,TX,29.7604267,-95.3698028
WGL Holdings,Energy,Energy,Leavenworth,WA,47.7510741,-120.7401385
Wolverine World Wide,Apparel,Apparel,Rockford,MI,43.1200272,-85.5600316
Xilinx,Technology,Semiconductors and Other Electronic Components,San Jose,CA,37.3382082,-121.8863286
Vornado Realty Trust,Financials,Real estate,New York,NY,40.7127753,-74.0059728
Middleby,Industrials,Industrial Machinery,Elgin,IL,42.0354084,-88.2825668
MPM Holdings,Chemicals,Chemicals,Waterford,NY,42.7925777,-73.6812293
Cleveland-Cliffs,Energy,"Mining, Crude-Oil Production",Cleveland,OH,41.49932,-81.6943605
GGP,Financials,Real estate,Chicago,IL,41.8781136,-87.6297982
Cypress Semiconductor,Technology,Semiconductors and Other Electronic Components,San Jose,CA,37.3382082,-121.8863286
Arch Coal,Energy,"Mining, Crude-Oil Production",St. Louis,MO,38.6270025,-90.1994042
GMS,Wholesalers,Wholesalers: Diversified,Tucker,GA,33.8545479,-84.2171424
Waters,Technology,"Scientific,Photographic and  Control Equipment",Milford,MA,42.1398577,-71.5163049
H.B. Fuller,Chemicals,Chemicals,St Paul,MN,44.9537029,-93.0899578
Affiliated Managers Group,Financials,Securities,West Palm Beach,FL,26.7153424,-80.0533746
PerkinElmer,Technology,"Scientific,Photographic and  Control Equipment",Waltham,MA,42.3764852,-71.2356113
Edgewell Personal Care,Household Products,Household and Personal Products,Chesterfield,MO,38.6631083,-90.5770675
Maxim Integrated Products,Technology,Semiconductors and Other Electronic Components,San Jose,CA,37.3382082,-121.8863286
Knights of Columbus,Financials,"Insurance: Life, Health (Mutual)",New Haven,CT,41.308274,-72.9278835
IDEX,Industrials,Industrial Machinery,Lake Forest,IL,42.2586342,-87.840625
DST Systems,Business Services,Financial Data Services,KCMO,MO,39.0997265,-94.5785667
Chicos FAS,Retailing,Specialty Retailers: Apparel,Fort Myers,FL,26.640628,-81.8723084
Nu Skin Enterprises,Household Products,Household and Personal Products,Provo,UT,40.2338438,-111.6585337
Herman Miller,Household Products,"Home Equipment, Furnishings",Zeeland,MI,42.8125246,-86.018651
NLV Financial,Financials,"Insurance: Life, Health (stock)",Montpelier,VT,44.2600593,-72.5753869
Curtiss-Wright,Aerospace &  Defense,Aerospace and Defense,Charlotte,NC,35.2270869,-80.8431267
New Jersey Resources,Energy,Energy,Wall Township,NJ,40.1606666,-74.0679753
REV Group,Motor Vehicles &  Parts,Motor Vehicles and Parts,Milwaukee,WI,43.0389025,-87.9064736
Mueller Industries,Industrials,Industrial Machinery,Memphis,TN,35.1495343,-90.0489801
GEO Group,Business Services,Miscellaneous,Boca Raton,FL,26.3683064,-80.1289321
Allison Transmission Holdings,Motor Vehicles &  Parts,Motor Vehicles and Parts,Indianapolis,IN,39.768403,-86.158068
OGE Energy,Energy,Utilities: Gas and Electric,Oklahoma City,OK,35.4675602,-97.5164276
Cheesecake Factory,"Hotels, Restaurants &  Leisure",Food Services,Calabasas,CA,34.1372953,-118.6541895
PRA Health Sciences,Technology,"Scientific,Photographic and  Control Equipment",Raleigh,NC,35.7795897,-78.6381787
Tupperware Brands,Household Products,Household and Personal Products,Orlando,FL,28.5383355,-81.3792365
Euronet Worldwide,Business Services,Financial Data Services,Leawood,KS,38.966673,-94.6169012
FLEETCOR Technologies,Business Services,Financial Data Services,Norcross,GA,33.969864,-84.2212938
Nationstar Mortgage Holdings,Financials,Diversified Financials,Coppell,TX,32.9545687,-97.0150078
GoDaddy,Technology,Internet Services and Retailing,Scottsdale,AZ,33.4941704,-111.9260519
Blackhawk Network Holdings,Business Services,Financial Data Services,Pleasanton,CA,37.6624312,-121.8746789
Cboe Global Markets,Financials,Securities,Chicago,IL,41.8781136,-87.6297982
Snyders-Lance,"Food, Beverages &  Tobacco",Food Consumer Products,Charlotte,NC,35.2270869,-80.8431267
Murphy Oil,Energy,"Mining, Crude-Oil Production",El Dorado,AR,33.20763,-92.6662674
CDK Global,Technology,Computer Software,Hoffman Estates,IL,42.0629915,-88.1227199
Texas Roadhouse,"Hotels, Restaurants &  Leisure",Food Services,Louisville,KY,38.2526647,-85.7584557
Kirby,Transportation,Shipping,Houston,TX,29.7604267,-95.3698028
Square,Business Services,Financial Data Services,SF,CA,37.7749295,-122.4194155
Genesee & Wyoming,Transportation,Railroads,Darien,CT,41.0771914,-73.4686858
Zayo Group Holdings,Telecommunications,Telecommunications,Boulder,CO,40.0149856,-105.2705456
NewMarket,Chemicals,Chemicals,Richmond,VA,37.5407246,-77.4360481
99 Cents Only Stores,Retailing,Specialty Retailers: Other,Commerce,CA,34.0005691,-118.1597929
PCM,Wholesalers,Wholesalers: Electronics and Office Equipment,El Segundo,CA,33.9191799,-118.4164652
Federated Mutual Insurance,Financials,Insurance: Property and Casualty (Mutual),Owatonna,MN,44.0855572,-93.2259349
HNI,Household Products,"Home Equipment, Furnishings",Muscatine,IA,41.424473,-91.0432051
Hospitality Properties Trust,Financials,Real estate,Newton,MA,42.3370413,-71.2092214
Greenbrier Cos.,Transportation,Transportation Equipment,Lake Oswego,OR,45.4156817,-122.7159726
Bio-Rad Laboratories,Health Care,"Scientific,Photographic and  Control Equipment",Hercules,CA,38.0171441,-122.2885808
AvalonBay Communities,Financials,Real estate,Arlington,VA,38.8816208,-77.0909809
Renewable Energy Group,Energy,Energy,Ames,IA,42.0307812,-93.6319131
Atlas Air Worldwide Holdings,Transportation,Transportation and Logistics,Harrison,NY,41.0400135,-73.7144477
Teradata,Technology,Information Technology Services,Dayton,OH,39.7589478,-84.1916069
LCI Industries,Motor Vehicles &  Parts,Motor Vehicles and Parts,Elkhart,IN,41.6819935,-85.9766671
Teleflex,Health Care,Medical Products and Equipment,Wayne,PA,40.0415996,-75.3698895
Verisk Analytics,Business Services,Financial Data Services,Jersey City,NJ,40.7281575,-74.0776417
Popular,Financials,Commercial Banks,Hato Rey,Puerto Rico,18.4225782,-66.0509549
Workday,Technology,Computer Software,Pleasanton,CA,37.6624312,-121.8746789
Cooper Cos.,Health Care,Medical Products and Equipment,Pleasanton,CA,37.6624312,-121.8746789
Express,Retailing,Specialty Retailers: Apparel,Columbus,OH,39.9611755,-82.9987942
Teradyne,Technology,Semiconductors and Other Electronic Components,North Reading,MA,42.5750939,-71.0786653
Werner Enterprises,Transportation,"Trucking, Truck Leasing",Omaha,NE,41.2565369,-95.9345034
Oaktree Capital Group,Financials,Securities,Los Angeles,CA,34.0522342,-118.2436849
Woodward,Aerospace &  Defense,Aerospace and Defense,Fort Collins,CO,40.5852602,-105.084423
F5 Networks,Technology,Network and Other Communications Equipment,Seattle,WA,47.6062095,-122.3320708
Valvoline,Chemicals,Chemicals,Lexington,KY,38.0405837,-84.5037164
Roadrunner Transportation Systems,Transportation,"Trucking, Truck Leasing",Downers Grove,IL,41.8089191,-88.0111746
SemGroup,Energy,Pipelines,Tulsa,OK,36.1539816,-95.992775
Catalent,Health Care,Pharmaceuticals,Franklin Township,NJ,40.497604,-74.4884868
Quorum Health,Health Care,Health Care: Medical Facilities,Brentwood,TN,36.0331164,-86.7827772
Universal,"Food, Beverages &  Tobacco",Tobacco,Richmond,VA,37.5407246,-77.4360481
Nordson,Industrials,Industrial Machinery,Westlake,OH,41.4553232,-81.9179173
ResMed,Health Care,Medical Products and Equipment,San Diego,CA,32.715738,-117.1610838
Tower International,Motor Vehicles &  Parts,Motor Vehicles and Parts,Livonia,MI,42.36837,-83.3527097
Freds,Food &  Drug Stores,Food and Drug Stores,Memphis,TN,35.1495343,-90.0489801
Foundation Building Materials,Wholesalers,Wholesalers: Diversified,Tustin,CA,33.7420005,-117.8236391
Kennametal,Industrials,Industrial Machinery,Pittsburgh,PA,40.4406248,-79.9958864
Autodesk,Technology,Computer Software,San Rafael,CA,37.9735346,-122.5310874
Ply Gem Holdings,Materials,"Building Materials, Glass",Cary,NC,35.79154,-78.7811169
Central Garden & Pet,Household Products,Household and Personal Products,Walnut Creek,CA,37.9100783,-122.0651819
Matson,Transportation,Shipping,Honolulu,HI,21.3069444,-157.8583333
EchoStar,Technology,Network and Other Communications Equipment,Englewood,CO,39.6477653,-104.9877597
Genesis Energy,Energy,Pipelines,Houston,TX,29.7604267,-95.3698028
SVB Financial Group,Financials,Commercial Banks,Santa Clara,CA,37.3541079,-121.9552356
Itron,Industrials,"Electronics, Electrical Equip.",Liberty Lake,WA,47.6743428,-117.1124241
Portland General Electric,Energy,Utilities: Gas and Electric,Portland,OR,45.5122308,-122.6587185
California Resources,Energy,"Mining, Crude-Oil Production",Los Angeles,CA,34.0522342,-118.2436849
Esterline Technologies,Aerospace &  Defense,Aerospace and Defense,Bellevue,WA,47.6101497,-122.2015159
Delta Tucker Holdings,Aerospace &  Defense,Aerospace and Defense,McLean,VA,38.9338676,-77.1772604
AMN Healthcare Services,Health Care,Health Care: Pharmacy and Other Services,San Diego,CA,32.715738,-117.1610838
Griffon,Materials,"Building Materials, Glass",New York,NY,40.7127753,-74.0059728
Valhi,Chemicals,Chemicals,Dallas,TX,32.7766642,-96.7969879
Hexcel,Aerospace &  Defense,Aerospace and Defense,Stamford,CT,41.0534302,-73.5387341
IDEXX Laboratories,Health Care,Medical Products and Equipment,Westbrook,ME,43.6770252,-70.3711617
Deluxe,Media,"Publishing, Printing",Shoreview,MN,45.0791325,-93.1471667
M/I Homes,Engineering &  Construction,Homebuilders,Columbus,OH,39.9611755,-82.9987942
Kraton,Chemicals,Chemicals,Houston,TX,29.7604267,-95.3698028
Stewart Information Services,Financials,Insurance: Property and Casualty (Stock),Houston,TX,29.7604267,-95.3698028
Marriott Vacations Worldwide,"Hotels, Restaurants &  Leisure","Hotels, Casinos, Resorts",Orlando,FL,28.5383355,-81.3792365
SPX FLOW,Industrials,Industrial Machinery,Charlotte,NC,35.2270869,-80.8431267
ACCO Brands,Household Products,"Home Equipment, Furnishings",Lake Zurich,IL,42.1969689,-88.0934108
Echo Global Logistics,Transportation,Transportation and Logistics,Chicago,IL,41.8781136,-87.6297982
Cadence Design Systems,Technology,Computer Software,San Jose,CA,37.3382082,-121.8863286
Nuance Communications,Technology,Computer Software,Burlington,MA,42.5047161,-71.1956205
Finish Line,Retailing,Specialty Retailers: Apparel,Indianapolis,IN,39.768403,-86.158068
TransUnion,Business Services,Financial Data Services,Chicago,IL,41.8781136,-87.6297982
ServiceNow,Technology,Computer Software,Santa Clara,CA,37.3541079,-121.9552356
Summit Materials,Materials,"Building Materials, Glass",Denver,CO,39.7392358,-104.990251
Engility Holdings,Aerospace &  Defense,Aerospace and Defense,Chantilly,VA,38.8942786,-77.4310992
Ferrellgas Partners,Energy,Energy,Overland Park,KS,38.9822282,-94.6707917
Interactive Brokers Group,Financials,Securities,Greenwich,CT,41.0262417,-73.6281964
Stepan,Chemicals,Chemicals,Northfield,IL,42.09975,-87.7808967
Oceaneering International,Energy,"Oil and Gas Equipment, Services",Houston,TX,29.7604267,-95.3698028
Cimarex Energy,Energy,"Mining, Crude-Oil Production",Denver,CO,39.7392358,-104.990251
Rexnord,Industrials,Industrial Machinery,Milwaukee,WI,43.0389025,-87.9064736
Beazer Homes USA,Engineering &  Construction,Homebuilders,Atlanta,GA,33.7489954,-84.3879824
MKS Instruments,Technology,Semiconductors and Other Electronic Components,Andover,MA,42.6583356,-71.1367953
Vail Resorts,"Hotels, Restaurants &  Leisure","Hotels, Casinos, Resorts",Broomfield,CO,39.9205411,-105.0866504
Ohio National Mutual,Financials,"Insurance: Life, Health (stock)",Cincinnati,OH,39.1031182,-84.5120196
TopBuild,Engineering &  Construction,"Engineering, Construction",Daytona Beach,FL,29.2108147,-81.0228331
Brown & Brown,Financials,Insurance: Property and Casualty (Stock),Daytona Beach,FL,29.2108147,-81.0228331
Aerojet Rocketdyne Holdings,Aerospace &  Defense,Aerospace and Defense,El Segundo,CA,33.9191799,-118.4164652
Barnes & Noble Education,Retailing,Specialty Retailers: Other,Bernards,NJ,40.7066174,-74.5493284
Superior Energy Services,Energy,"Oil and Gas Equipment, Services",Houston,TX,29.7604267,-95.3698028
VeriFone Systems,Technology,Financial Data Services,San Jose,CA,37.3382082,-121.8863286
Childrens Place,Retailing,Specialty Retailers: Apparel,Secaucus,NJ,40.7895453,-74.0565298
Tribune Media,Media,Entertainment,Chicago,IL,41.8781136,-87.6297982
Healthcare Services Group,Health Care,Health Care: Pharmacy and Other Services,Bensalem,PA,40.0994425,-74.9325683
SiteOne Landscape Supply,Wholesalers,Wholesalers: Diversified,Roswell,GA,34.0232431,-84.3615555
Charles River Laboratories Intl,Health Care,Health Care: Pharmacy and Other Services,Wilmington,MA,42.5481714,-71.1724467
CoreLogic,Business Services,Financial Data Services,Irvine,CA,33.6845673,-117.8265049
Ensign Group,Health Care,Health Care: Medical Facilities,Mission Viejo,CA,33.5968913,-117.6581562
HCP,Financials,Real estate,Irvine,CA,33.6845673,-117.8265049